{"stats":{"minecraft:dropped":{"minecraft:wheat_seeds":2,"minecraft:cobblestone":66,"minecraft:granite":1,"minecraft:leather_helmet":1,"minecraft:dirt":3,"minecraft:dark_oak_log":41,"gravestone:obituary":6,"minecraft:sand":1,"minecraft:cyan_carpet":3,"minecraft:coarse_dirt":8,"supplementaries:ash":14,"minecraft:oak_sapling":5,"minecraft:bamboo":1},"minecraft:broken":{"minecraft:stone_pickaxe":3,"minecraft:shield":1,"minecraft:iron_pickaxe":4},"minecraft:picked_up":{"minecraft:crafting_table":3,"minecraft:coarse_dirt":8,"minecraft:pink_wool":1,"gravestone:obituary":1,"enigmaticlegacy:enigmatic_eye":1,"minecraft:amethyst_block":3,"minecraft:raw_copper":30,"minecraft:iron_leggings":1,"minecraft:item_frame":8,"minecraft:cyan_carpet":3,"minecraft:cobbled_deepslate":151,"minecraft:calcite":3,"minecraft:lectern":1,"biomesoplenty:redwood_wood":491,"minecraft:chest":2,"minecraft:egg":9,"minecraft:furnace":2,"minecraft:dark_oak_sapling":8,"minecraft:stick":52,"minecraft:raw_iron":78,"apotheosis:gem":1,"minecraft:torch":24,"sophisticatedbackpacks:backpack":1,"minecraft:porkchop":3,"minecraft:diorite":18,"minecraft:carrot":12,"minecraft:redstone":9,"minecraft:dark_oak_planks":11,"easy_villagers:villager":2,"farmersdelight:fried_egg":4,"minecraft:stone_sword":1,"minecraft:arrow":3,"relics:horse_flute":1,"minecraft:hay_block":19,"minecraft:gold_ingot":8,"biomesoplenty:redwood_sapling":59,"supplementaries:ash":14,"minecraft:mutton":16,"botania:magenta_double_flower":2,"minecraft:cobblestone":834,"minecraft:white_wool":13,"eidolon:raw_silver":3,"minecraft:andesite":110,"minecraft:flint":2,"minecraft:tuff":16,"minecraft:oak_log":5,"minecraft:magenta_bed":2,"minecraft:gunpowder":3,"scalinghealth:heart_crystal":1,"minecraft:lapis_lazuli":54,"minecraft:paper":5,"minecraft:dirt":215,"minecraft:bone":10,"minecraft:chipped_anvil":2,"minecraft:apple":18,"minecraft:bow":1,"minecraft:wheat_seeds":2,"minecraft:raw_gold":22,"minecraft:stone_pickaxe":1,"minecraft:iron_ingot":1,"minecraft:bamboo":3,"minecraft:oak_planks":1,"minecraft:book":18,"scalinghealth:heart_crystal_shard":2,"minecraft:smooth_basalt":2,"artifacts:rooted_boots":1,"patchouli:guide_book":2,"minecraft:gravel":99,"minecraft:sand":129,"minecraft:amethyst_shard":16,"minecraft:white_bed":5,"minecraft:mossy_cobblestone":3,"minecraft:dark_oak_log":83,"minecraft:barrel":1,"minecraft:leather_helmet":2,"eidolon:raw_lead":2,"minecraft:slime_ball":3,"enigmaticlegacy:cursed_ring":1,"artifacts:crystal_heart":1,"minecraft:granite":50,"minecraft:emerald":4,"alexsmobs:maggot":2,"minecraft:oak_sapling":15,"minecraft:coal":102,"iceandfire:raw_silver":2},"minecraft:custom":{"enigmaticlegacy:play_time_with_seven_curses":0,"lootr:looted_stat":13,"minecraft:mob_kills":27,"minecraft:interact_with_crafting_table":44,"minecraft:damage_dealt_resisted":0,"minecraft:leave_game":10,"minecraft:time_since_death":54851,"minecraft:damage_resisted":0,"minecraft:sprint_one_cm":418241,"minecraft:walk_one_cm":719982,"minecraft:damage_blocked_by_shield":2839,"minecraft:drop":23,"minecraft:play_time":234444,"minecraft:deaths":9,"minecraft:sneak_time":4272,"minecraft:walk_under_water_one_cm":4587,"minecraft:jump":2560,"minecraft:walk_on_water_one_cm":21777,"minecraft:total_world_time":234444,"minecraft:interact_with_furnace":41,"minecraft:traded_with_villager":1,"enigmaticlegacy:play_time_without_seven_curses":232696,"minecraft:sleep_in_bed":14,"minecraft:time_since_rest":8574,"minecraft:damage_taken":4508,"minecraft:damage_dealt":4989,"minecraft:swim_one_cm":14578,"minecraft:fly_one_cm":245505,"minecraft:open_chest":80,"minecraft:crouch_one_cm":5332,"minecraft:fall_one_cm":42297},"minecraft:crafted":{"minecraft:oak_planks":16,"minecraft:iron_nugget":9,"minecraft:furnace":3,"biomesoplenty:redwood_slab":18,"minecraft:stone":2,"minecraft:bookshelf":3,"enigmaticlegacy:iron_ring":1,"minecraft:cooked_mutton":10,"minecraft:glass_pane":32,"minecraft:glass":33,"minecraft:iron_boots":1,"minecraft:stone_pickaxe":4,"minecraft:chest":5,"easy_villagers:trader":2,"minecraft:dark_oak_planks":168,"minecraft:wheat":171,"easy_villagers:farmer":1,"torcherino:torcherino":1,"minecraft:emerald":1,"minecraft:crafting_table":4,"biomesoplenty:redwood_planks":68,"minecraft:wooden_pickaxe":1,"minecraft:iron_sword":1,"minecraft:clock":4,"minecraft:bucket":4,"minecraft:stone_axe":1,"minecraft:bread":57,"minecraft:air":0,"farmersdelight:fried_egg":4,"minecraft:lectern":2,"minecraft:shield":2,"minecraft:stick":24,"minecraft:iron_ingot":78,"minecraft:iron_pickaxe":3,"minecraft:stone_sword":1,"minecraft:iron_shovel":1,"minecraft:gold_ingot":22,"minecraft:white_bed":1,"minecraft:composter":1,"minecraft:torch":192,"minecraft:shears":1},"minecraft:used":{"minecraft:stone_sword":52,"minecraft:iron_shovel":132,"minecraft:chest":7,"minecraft:shield":48,"minecraft:iron_sword":1,"minecraft:torch":195,"minecraft:dirt":126,"minecraft:mutton":2,"scalinghealth:heart_crystal":1,"minecraft:dark_oak_planks":148,"easy_villagers:trader":2,"minecraft:iron_boots":1,"minecraft:pink_wool":1,"torcherino:torcherino":1,"minecraft:gunpowder":1,"minecraft:furnace":4,"farmersdelight:fried_egg":4,"minecraft:cooked_mutton":10,"minecraft:stone_pickaxe":456,"easy_villagers:farmer":1,"minecraft:wooden_pickaxe":4,"minecraft:sand":7,"minecraft:crafting_table":7,"minecraft:magenta_bed":1,"minecraft:white_bed":6,"minecraft:oak_log":1,"relics:horse_flute":4,"minecraft:bread":5,"minecraft:iron_pickaxe":857,"minecraft:lectern":1,"minecraft:stone_axe":78,"minecraft:cobblestone":79,"minecraft:porkchop":3,"minecraft:bucket":4,"alexsmobs:animal_dictionary":4},"minecraft:killed":{"alexsmobs:seagull":2,"minecraft:skeleton":3,"minecraft:chicken":1,"eidolon:slimy_slug":1,"artifacts:mimic":2,"minecraft:pig":1,"minecraft:sheep":9,"minecraft:zombie":6,"alexsmobs:fly":2},"minecraft:killed_by":{"minecraft:creeper":1,"artifacts:mimic":1,"iceandfire:ghost":7},"minecraft:mined":{"minecraft:dark_oak_planks":4,"minecraft:large_amethyst_bud":4,"minecraft:tuff":16,"minecraft:white_bed":5,"iceandfire:silver_ore":2,"minecraft:mossy_cobblestone":3,"farmersdelight:wild_carrots":5,"gravestone:gravestone":3,"minecraft:granite":50,"minecraft:budding_amethyst":1,"biomesoplenty:bush":16,"minecraft:grass_block":111,"minecraft:potted_bamboo":1,"minecraft:hay_block":19,"minecraft:furnace":1,"minecraft:iron_ore":2,"minecraft:andesite":112,"treechop:chopped_log":2,"supplementaries:gunpowder":1,"minecraft:bookshelf":3,"minecraft:small_amethyst_bud":1,"minecraft:stone":751,"minecraft:medium_amethyst_bud":2,"minecraft:amethyst_cluster":4,"minecraft:crafting_table":3,"minecraft:torch":6,"minecraft:calcite":3,"minecraft:chest":1,"minecraft:lectern":1,"biomesoplenty:high_grass_plant":1,"minecraft:tall_grass":5,"minecraft:copper_ore":2,"minecraft:cobblestone":7,"minecraft:diorite":18,"minecraft:wall_torch":7,"minecraft:amethyst_block":4,"supplementaries:urn":4,"minecraft:coarse_dirt":4,"minecraft:magenta_bed":2,"minecraft:spruce_log":2,"minecraft:grass":15,"biomesoplenty:clover":17,"minecraft:oak_log":5,"minecraft:coal_ore":14,"minecraft:sand":130,"minecraft:gravel":20,"minecraft:cyan_carpet":4,"minecraft:dirt":65,"minecraft:smooth_basalt":2,"minecraft:chipped_anvil":2,"minecraft:gold_ore":2,"biomesoplenty:redwood_wood":11,"minecraft:oak_leaves":10,"botania:magenta_double_flower":1,"minecraft:deepslate":151,"minecraft:fern":1}},"DataVersion":3465}