{"stats":{"minecraft:dropped":{"minecraft:wheat_seeds":2,"minecraft:cobblestone":2,"minecraft:dirt":3,"minecraft:dark_oak_log":41,"gravestone:obituary":5,"minecraft:cyan_carpet":3,"minecraft:coarse_dirt":8,"minecraft:oak_sapling":5},"minecraft:broken":{"minecraft:stone_pickaxe":3,"minecraft:iron_pickaxe":1},"minecraft:picked_up":{"minecraft:coarse_dirt":8,"minecraft:crafting_table":2,"minecraft:pink_wool":1,"gravestone:obituary":1,"enigmaticlegacy:enigmatic_eye":1,"minecraft:amethyst_block":3,"minecraft:iron_leggings":1,"minecraft:item_frame":8,"minecraft:cyan_carpet":3,"minecraft:cobbled_deepslate":137,"minecraft:calcite":3,"biomesoplenty:redwood_wood":427,"minecraft:chest":2,"minecraft:egg":8,"minecraft:furnace":2,"minecraft:dark_oak_sapling":8,"minecraft:raw_iron":39,"minecraft:stick":52,"apotheosis:gem":1,"minecraft:torch":5,"sophisticatedbackpacks:backpack":1,"minecraft:porkchop":3,"minecraft:diorite":3,"minecraft:carrot":10,"minecraft:dark_oak_planks":11,"easy_villagers:villager":2,"minecraft:stone_sword":1,"minecraft:arrow":2,"relics:horse_flute":1,"minecraft:hay_block":19,"minecraft:gold_ingot":8,"biomesoplenty:redwood_sapling":59,"minecraft:mutton":16,"botania:magenta_double_flower":2,"minecraft:cobblestone":394,"minecraft:white_wool":13,"minecraft:andesite":49,"minecraft:flint":1,"minecraft:tuff":16,"minecraft:oak_log":4,"minecraft:gunpowder":3,"minecraft:dirt":192,"minecraft:paper":5,"minecraft:bone":4,"minecraft:apple":18,"minecraft:bow":1,"minecraft:wheat_seeds":2,"minecraft:stone_pickaxe":1,"minecraft:iron_ingot":1,"minecraft:oak_planks":1,"minecraft:book":18,"minecraft:smooth_basalt":2,"patchouli:guide_book":2,"minecraft:gravel":16,"minecraft:white_bed":5,"minecraft:dark_oak_log":83,"minecraft:leather_helmet":1,"minecraft:slime_ball":2,"enigmaticlegacy:cursed_ring":1,"minecraft:granite":11,"minecraft:emerald":4,"alexsmobs:maggot":2,"minecraft:oak_sapling":15,"minecraft:coal":76,"iceandfire:raw_silver":1},"minecraft:custom":{"enigmaticlegacy:play_time_with_seven_curses":0,"lootr:looted_stat":10,"minecraft:mob_kills":21,"minecraft:interact_with_crafting_table":18,"minecraft:damage_dealt_resisted":0,"minecraft:leave_game":8,"minecraft:time_since_death":137489,"minecraft:damage_resisted":0,"minecraft:sprint_one_cm":297480,"minecraft:walk_one_cm":496042,"minecraft:damage_blocked_by_shield":2635,"minecraft:drop":16,"minecraft:play_time":142225,"minecraft:deaths":7,"minecraft:sneak_time":2510,"minecraft:walk_under_water_one_cm":2043,"minecraft:jump":1714,"minecraft:walk_on_water_one_cm":17270,"minecraft:total_world_time":142225,"minecraft:interact_with_furnace":22,"enigmaticlegacy:play_time_without_seven_curses":140675,"minecraft:sleep_in_bed":10,"minecraft:time_since_rest":4840,"minecraft:damage_taken":3073,"minecraft:damage_dealt":2902,"minecraft:swim_one_cm":7631,"minecraft:fly_one_cm":187025,"minecraft:open_chest":25,"minecraft:crouch_one_cm":3911,"minecraft:fall_one_cm":34333},"minecraft:used":{"minecraft:stone_sword":33,"minecraft:chest":4,"minecraft:shield":43,"minecraft:torch":83,"minecraft:dirt":118,"minecraft:mutton":2,"minecraft:dark_oak_planks":148,"minecraft:pink_wool":1,"minecraft:gunpowder":1,"minecraft:furnace":4,"farmersdelight:fried_egg":2,"minecraft:cooked_mutton":10,"minecraft:stone_pickaxe":456,"minecraft:crafting_table":5,"minecraft:white_bed":6,"minecraft:bread":2,"minecraft:iron_pickaxe":286,"minecraft:stone_axe":68,"minecraft:cobblestone":41,"minecraft:porkchop":3,"alexsmobs:animal_dictionary":4},"minecraft:crafted":{"minecraft:oak_planks":16,"minecraft:furnace":3,"minecraft:cooked_mutton":10,"minecraft:stone_pickaxe":4,"minecraft:chest":2,"minecraft:dark_oak_planks":168,"minecraft:wheat":171,"minecraft:crafting_table":3,"minecraft:stone_axe":1,"minecraft:bread":57,"minecraft:air":0,"farmersdelight:fried_egg":4,"minecraft:shield":1,"minecraft:stick":16,"minecraft:iron_ingot":39,"minecraft:iron_pickaxe":3,"minecraft:stone_sword":1,"minecraft:white_bed":1,"minecraft:torch":116},"minecraft:killed":{"alexsmobs:seagull":2,"minecraft:skeleton":2,"minecraft:chicken":1,"eidolon:slimy_slug":1,"minecraft:pig":1,"minecraft:sheep":9,"minecraft:zombie":4,"alexsmobs:fly":1},"minecraft:killed_by":{"iceandfire:ghost":7},"minecraft:mined":{"minecraft:dark_oak_planks":4,"minecraft:tuff":16,"minecraft:white_bed":5,"iceandfire:silver_ore":1,"farmersdelight:wild_carrots":5,"gravestone:gravestone":3,"minecraft:granite":11,"minecraft:budding_amethyst":1,"biomesoplenty:bush":16,"minecraft:grass_block":103,"minecraft:hay_block":19,"minecraft:furnace":1,"minecraft:iron_ore":2,"minecraft:andesite":51,"treechop:chopped_log":2,"supplementaries:gunpowder":1,"minecraft:bookshelf":3,"minecraft:stone":371,"minecraft:crafting_table":2,"minecraft:torch":4,"minecraft:calcite":3,"minecraft:chest":1,"minecraft:tall_grass":5,"minecraft:cobblestone":2,"minecraft:diorite":3,"minecraft:wall_torch":1,"minecraft:amethyst_block":3,"supplementaries:urn":1,"minecraft:coarse_dirt":4,"minecraft:spruce_log":2,"minecraft:grass":15,"biomesoplenty:clover":17,"minecraft:coal_ore":14,"minecraft:oak_log":4,"minecraft:cyan_carpet":4,"minecraft:gravel":7,"minecraft:dirt":50,"minecraft:smooth_basalt":2,"biomesoplenty:redwood_wood":11,"minecraft:oak_leaves":10,"botania:magenta_double_flower":1,"minecraft:deepslate":137,"minecraft:fern":1}},"DataVersion":3465}