{"stats":{"minecraft:custom":{"enigmaticlegacy:play_time_with_seven_curses":0,"lootr:looted_stat":15,"minecraft:mob_kills":33,"minecraft:interact_with_crafting_table":60,"minecraft:open_barrel":6,"minecraft:damage_dealt_resisted":0,"minecraft:leave_game":15,"minecraft:time_since_death":141026,"minecraft:damage_resisted":0,"minecraft:climb_one_cm":1917,"minecraft:sprint_one_cm":500053,"minecraft:walk_one_cm":921656,"minecraft:damage_blocked_by_shield":2839,"minecraft:drop":25,"minecraft:talked_to_villager":14,"minecraft:play_time":320619,"minecraft:deaths":9,"minecraft:sneak_time":6806,"minecraft:walk_under_water_one_cm":4850,"minecraft:jump":3094,"minecraft:walk_on_water_one_cm":27734,"minecraft:total_world_time":320619,"minecraft:interact_with_furnace":46,"minecraft:traded_with_villager":107,"enigmaticlegacy:play_time_without_seven_curses":318871,"minecraft:sleep_in_bed":19,"minecraft:time_since_rest":4728,"minecraft:waystone_activated":1,"minecraft:damage_taken":4874,"minecraft:trigger_trapped_chest":1,"minecraft:damage_dealt":5729,"minecraft:swim_one_cm":14578,"minecraft:fly_one_cm":288917,"minecraft:open_chest":175,"minecraft:crouch_one_cm":12578,"minecraft:fall_one_cm":50430},"minecraft:picked_up":{"minecraft:mud":2,"minecraft:crafting_table":3,"minecraft:coarse_dirt":8,"easy_villagers:breeder":1,"minecraft:chicken":1,"minecraft:pink_wool":1,"gravestone:obituary":1,"enigmaticlegacy:enigmatic_eye":1,"minecraft:amethyst_block":3,"farmersdelight:cutting_board":1,"minecraft:raw_copper":30,"minecraft:iron_leggings":1,"minecraft:item_frame":8,"minecraft:cyan_carpet":3,"minecraft:glass_pane":1,"minecraft:cobbled_deepslate":151,"minecraft:calcite":3,"minecraft:lectern":1,"biomesoplenty:redwood_wood":492,"minecraft:sugar_cane":16,"minecraft:chest":2,"minecraft:furnace":2,"minecraft:egg":10,"minecraft:dark_oak_sapling":8,"easy_villagers:incubator":1,"minecraft:stick":52,"minecraft:raw_iron":78,"apotheosis:gem":2,"minecraft:torch":28,"sophisticatedbackpacks:backpack":1,"minecraft:porkchop":3,"easy_villagers:iron_farm":2,"minecraft:diorite":18,"minecraft:carrot":12,"minecraft:redstone":9,"minecraft:dark_oak_planks":12,"easy_villagers:villager":2,"minecraft:stone_sword":1,"farmersdelight:fried_egg":4,"minecraft:arrow":3,"relics:horse_flute":1,"minecraft:hay_block":19,"minecraft:gold_ingot":8,"biomesoplenty:redwood_sapling":59,"supplementaries:ash":14,"minecraft:mutton":18,"botania:magenta_double_flower":2,"minecraft:skeleton_skull":1,"minecraft:white_wool":15,"minecraft:cobblestone":864,"minecraft:feather":3,"eidolon:raw_silver":3,"minecraft:andesite":110,"biomesoplenty:fir_log":3,"torcherino:torcherino":3,"easy_villagers:farmer":3,"minecraft:flint":2,"minecraft:tuff":16,"minecraft:oak_log":5,"minecraft:magenta_bed":2,"minecraft:gunpowder":3,"scalinghealth:heart_crystal":1,"minecraft:lapis_lazuli":54,"minecraft:paper":5,"minecraft:dirt":218,"minecraft:bone":10,"minecraft:chipped_anvil":2,"minecraft:apple":18,"minecraft:bow":1,"minecraft:wheat_seeds":2,"minecraft:raw_gold":22,"minecraft:iron_ingot":1,"minecraft:stone_pickaxe":1,"minecraft:bamboo":3,"minecraft:oak_planks":1,"minecraft:book":21,"scalinghealth:heart_crystal_shard":9,"minecraft:smooth_basalt":2,"artifacts:rooted_boots":1,"patchouli:guide_book":2,"minecraft:gravel":99,"minecraft:sand":130,"minecraft:amethyst_shard":16,"minecraft:white_bed":6,"minecraft:dark_oak_log":83,"minecraft:mossy_cobblestone":3,"minecraft:barrel":1,"minecraft:leather_helmet":2,"eidolon:raw_lead":2,"minecraft:slime_ball":4,"enigmaticlegacy:cursed_ring":1,"artifacts:crystal_heart":1,"minecraft:granite":50,"scalinghealth:cursed_heart":1,"minecraft:emerald":4,"alexsmobs:maggot":2,"minecraft:oak_sapling":15,"minecraft:coal":102,"iceandfire:raw_silver":2},"minecraft:broken":{"minecraft:stone_pickaxe":4,"minecraft:shield":1,"minecraft:iron_pickaxe":4,"aether:leather_gloves":1},"minecraft:killed_by":{"minecraft:creeper":1,"artifacts:mimic":1,"iceandfire:ghost":7},"minecraft:used":{"minecraft:stone_sword":52,"minecraft:iron_shovel":135,"easy_villagers:breeder":2,"minecraft:chest":7,"minecraft:shield":48,"minecraft:iron_sword":18,"minecraft:torch":197,"scalinghealth:heart_crystal":1,"minecraft:dirt":149,"minecraft:mutton":2,"minecraft:carrot":2,"minecraft:dark_oak_planks":148,"minecraft:bookshelf":1,"biomesoplenty:redwood_wood":1,"easy_villagers:iron_farm":2,"easy_villagers:trader":2,"minecraft:iron_boots":1,"minecraft:pink_wool":1,"torcherino:torcherino":3,"minecraft:gunpowder":1,"farmersdelight:cutting_board":1,"minecraft:furnace":4,"easy_villagers:incubator":2,"minecraft:egg":1,"farmersdelight:fried_egg":4,"minecraft:cooked_mutton":10,"farmersdelight:iron_knife":3,"minecraft:water_bucket":1,"minecraft:glass_bottle":11,"minecraft:stone_pickaxe":461,"easy_villagers:farmer":5,"minecraft:wooden_pickaxe":4,"minecraft:sugar_cane":5,"minecraft:sand":8,"minecraft:crafting_table":7,"minecraft:magenta_bed":1,"minecraft:white_bed":7,"relics:horse_flute":4,"minecraft:oak_log":1,"easy_villagers:villager":1,"minecraft:iron_pickaxe":888,"minecraft:bread":6,"minecraft:lectern":1,"minecraft:stone_axe":78,"minecraft:cobblestone":79,"minecraft:potion":10,"minecraft:porkchop":3,"minecraft:bucket":6,"minecraft:air":10,"alexsmobs:animal_dictionary":4,"biomesoplenty:fir_log":3},"minecraft:crafted":{"minecraft:oak_planks":16,"minecraft:iron_nugget":9,"minecraft:furnace":3,"biomesoplenty:redwood_slab":18,"minecraft:stone":2,"easy_villagers:iron_farm":2,"easy_villagers:incubator":1,"minecraft:bookshelf":3,"enigmaticlegacy:iron_ring":1,"minecraft:cooked_mutton":10,"minecraft:glass_pane":48,"minecraft:glass":33,"minecraft:diamond_helmet":1,"minecraft:diamond_leggings":1,"minecraft:iron_boots":1,"minecraft:stone_pickaxe":4,"minecraft:chest":5,"minecraft:diamond_boots":1,"easy_villagers:trader":2,"minecraft:dark_oak_planks":168,"minecraft:wheat":171,"minecraft:glass_bottle":3,"easy_villagers:farmer":2,"torcherino:torcherino":1,"minecraft:emerald":102,"minecraft:crafting_table":4,"farmersdelight:iron_knife":1,"biomesoplenty:redwood_planks":76,"minecraft:wooden_pickaxe":1,"minecraft:iron_sword":1,"minecraft:clock":4,"minecraft:bucket":4,"minecraft:stone_axe":1,"minecraft:enchanted_book":1,"minecraft:bread":57,"minecraft:air":0,"biomesoplenty:fir_planks":1220,"farmersdelight:cutting_board":1,"farmersdelight:fried_egg":4,"minecraft:lectern":2,"minecraft:shield":2,"minecraft:stick":2464,"minecraft:iron_ingot":78,"minecraft:iron_pickaxe":4,"easy_villagers:breeder":1,"minecraft:stone_sword":1,"minecraft:iron_shovel":1,"minecraft:gold_ingot":22,"minecraft:white_bed":2,"minecraft:composter":1,"minecraft:torch":192,"minecraft:shears":1,"minecraft:diamond_chestplate":1},"minecraft:mined":{"minecraft:dark_oak_planks":5,"minecraft:large_amethyst_bud":4,"minecraft:tuff":16,"minecraft:white_bed":6,"iceandfire:silver_ore":2,"minecraft:mossy_cobblestone":3,"farmersdelight:wild_carrots":5,"minecraft:jungle_leaves":3,"minecraft:granite":50,"gravestone:gravestone":5,"minecraft:budding_amethyst":1,"biomesoplenty:bush":16,"minecraft:grass_block":114,"minecraft:potted_bamboo":1,"minecraft:hay_block":19,"easy_villagers:iron_farm":2,"torcherino:torcherino":3,"minecraft:furnace":1,"minecraft:iron_ore":2,"easy_villagers:breeder":1,"minecraft:andesite":112,"treechop:chopped_log":2,"supplementaries:gunpowder":1,"minecraft:bookshelf":4,"biomesoplenty:high_grass":2,"minecraft:vine":2,"minecraft:small_amethyst_bud":1,"minecraft:stone":781,"minecraft:medium_amethyst_bud":2,"minecraft:amethyst_cluster":4,"minecraft:crafting_table":3,"minecraft:torch":9,"minecraft:calcite":3,"minecraft:chest":1,"easy_villagers:farmer":3,"minecraft:lectern":1,"biomesoplenty:high_grass_plant":2,"minecraft:copper_ore":2,"minecraft:tall_grass":5,"minecraft:cobblestone":7,"minecraft:sugar_cane":6,"minecraft:diorite":18,"minecraft:wall_torch":8,"minecraft:amethyst_block":4,"minecraft:skeleton_skull":1,"supplementaries:urn":4,"easy_villagers:incubator":1,"minecraft:coarse_dirt":4,"minecraft:mud":2,"farmersdelight:cutting_board":1,"minecraft:magenta_bed":2,"minecraft:spruce_log":2,"biomesoplenty:fir_log":3,"minecraft:grass":15,"biomesoplenty:clover":17,"minecraft:oak_log":5,"minecraft:coal_ore":14,"minecraft:cyan_carpet":4,"minecraft:gravel":20,"minecraft:dirt":65,"minecraft:sand":131,"minecraft:smooth_basalt":2,"minecraft:gold_ore":2,"minecraft:chipped_anvil":2,"biomesoplenty:redwood_wood":12,"minecraft:oak_leaves":10,"minecraft:deepslate":151,"botania:magenta_double_flower":1,"minecraft:fern":1},"minecraft:dropped":{"minecraft:wheat_seeds":2,"minecraft:cobblestone":66,"minecraft:granite":1,"minecraft:leather_helmet":1,"minecraft:dirt":3,"minecraft:dark_oak_log":41,"gravestone:obituary":7,"minecraft:sand":1,"minecraft:cyan_carpet":3,"minecraft:coarse_dirt":8,"minecraft:glass_pane":1,"supplementaries:ash":14,"minecraft:oak_sapling":5,"minecraft:bamboo":1},"minecraft:killed":{"alexsmobs:seagull":3,"minecraft:skeleton":3,"minecraft:chicken":2,"eidolon:slimy_slug":2,"artifacts:mimic":2,"minecraft:pig":1,"minecraft:sheep":11,"minecraft:zombie":6,"iceandfire:ghost":1,"alexsmobs:fly":2}},"DataVersion":3465}