{"stats":{"minecraft:custom":{"enigmaticlegacy:play_time_with_seven_curses":0,"lootr:looted_stat":23,"minecraft:interact_with_crafting_table":84,"minecraft:open_barrel":6,"minecraft:leave_game":19,"minecraft:time_since_death":116249,"minecraft:damage_resisted":0,"minecraft:sprint_one_cm":696719,"minecraft:damage_blocked_by_shield":8095,"minecraft:drop":27,"minecraft:talked_to_villager":14,"minecraft:play_time":448115,"minecraft:deaths":10,"minecraft:jump":4618,"minecraft:walk_on_water_one_cm":31915,"minecraft:interact_with_furnace":58,"minecraft:traded_with_villager":196,"minecraft:sleep_in_bed":23,"minecraft:waystone_activated":3,"minecraft:damage_dealt":16367,"minecraft:crouch_one_cm":14524,"minecraft:mob_kills":66,"minecraft:interact_with_anvil":5,"minecraft:damage_dealt_resisted":0,"minecraft:climb_one_cm":3135,"minecraft:walk_one_cm":1302337,"minecraft:sneak_time":8647,"minecraft:walk_under_water_one_cm":6053,"minecraft:total_world_time":448115,"enigmaticlegacy:play_time_without_seven_curses":446269,"minecraft:time_since_rest":7117,"minecraft:damage_taken":6838,"minecraft:trigger_trapped_chest":1,"minecraft:swim_one_cm":14578,"minecraft:fly_one_cm":373991,"minecraft:open_chest":269,"minecraft:fall_one_cm":63134},"minecraft:picked_up":{"easy_villagers:breeder":1,"minecraft:flower_pot":1,"minecraft:enchanted_book":1,"enigmaticlegacy:enigmatic_eye":1,"minecraft:amethyst_block":3,"farmersdelight:cutting_board":1,"minecraft:string":1,"minecraft:raw_copper":30,"minecraft:iron_leggings":1,"minecraft:cobbled_deepslate":694,"minecraft:calcite":3,"draconicevolution:draconium_dust":27,"minecraft:iron_pickaxe":1,"biomesoplenty:redwood_wood":492,"minecraft:furnace":2,"minecraft:stick":52,"apotheosis:gem":3,"minecraft:torch":35,"minecraft:porkchop":3,"easy_villagers:iron_farm":2,"minecraft:diorite":18,"easy_villagers:villager":2,"farmersdelight:fried_egg":4,"minecraft:stone_sword":1,"relics:horse_flute":1,"supplementaries:ash":14,"minecraft:cobblestone":884,"minecraft:feather":3,"eidolon:raw_silver":16,"minecraft:andesite":110,"torcherino:torcherino":4,"biomesoplenty:fir_log":3,"minecraft:flint":9,"minecraft:tuff":35,"minecraft:magenta_bed":2,"minecraft:lapis_lazuli":264,"minecraft:dirt":254,"minecraft:bone":27,"minecraft:chipped_anvil":2,"minecraft:bow":1,"minecraft:wheat_seeds":2,"minecraft:raw_gold":22,"minecraft:bamboo":3,"minecraft:oak_planks":1,"patchouli:guide_book":2,"artifacts:rooted_boots":1,"minecraft:sand":130,"minecraft:lily_of_the_valley":1,"minecraft:barrel":1,"minecraft:dark_oak_log":83,"minecraft:mossy_cobblestone":3,"eidolon:raw_lead":2,"minecraft:deepslate":1,"artifacts:crystal_heart":1,"minecraft:crossbow":2,"minecraft:granite":50,"scalinghealth:cursed_heart":1,"minecraft:emerald":4,"alexsmobs:maggot":2,"minecraft:oak_sapling":15,"iceandfire:raw_silver":2,"minecraft:mud":10,"minecraft:crafting_table":3,"minecraft:coarse_dirt":8,"minecraft:chicken":1,"minecraft:clay_ball":76,"minecraft:pink_wool":1,"gravestone:obituary":1,"minecraft:item_frame":8,"minecraft:iron_shovel":1,"minecraft:cyan_carpet":3,"minecraft:glass_pane":1,"minecraft:cracked_stone_bricks":1,"minecraft:lectern":1,"minecraft:chest":2,"minecraft:sugar_cane":28,"minecraft:egg":10,"minecraft:dark_oak_sapling":8,"easy_villagers:incubator":1,"minecraft:raw_iron":83,"sophisticatedbackpacks:backpack":1,"minecraft:redstone":211,"minecraft:carrot":12,"minecraft:dark_oak_planks":12,"minecraft:tnt":2,"minecraft:arrow":16,"minecraft:hay_block":19,"minecraft:gold_ingot":8,"biomesoplenty:redwood_sapling":59,"minecraft:white_wool":15,"minecraft:mutton":18,"botania:magenta_double_flower":2,"minecraft:skeleton_skull":3,"easy_villagers:farmer":3,"minecraft:oak_log":5,"minecraft:gunpowder":3,"scalinghealth:heart_crystal":7,"minecraft:paper":5,"minecraft:spawner":1,"minecraft:apple":18,"minecraft:stone_bricks":1,"minecraft:iron_ingot":1,"minecraft:stone_pickaxe":1,"minecraft:iron_sword":1,"minecraft:book":42,"scalinghealth:heart_crystal_shard":9,"minecraft:smooth_basalt":2,"minecraft:gravel":119,"minecraft:amethyst_shard":16,"minecraft:white_bed":6,"minecraft:leather_helmet":2,"minecraft:slime_ball":4,"enigmaticlegacy:cursed_ring":1,"minecraft:iron_helmet":1,"minecraft:cherry_sapling":1,"minecraft:coal":102},"minecraft:broken":{"minecraft:stone_pickaxe":4,"minecraft:shield":2,"minecraft:iron_pickaxe":4,"aether:leather_gloves":1},"minecraft:killed_by":{"minecraft:creeper":1,"artifacts:mimic":1,"minecraft:husk":1,"iceandfire:ghost":7},"minecraft:used":{"minecraft:iron_shovel":171,"easy_villagers:breeder":2,"minecraft:chest":7,"minecraft:shield":96,"minecraft:iron_sword":234,"minecraft:mutton":2,"minecraft:carrot":2,"easy_villagers:iron_farm":2,"minecraft:pink_wool":1,"farmersdelight:cutting_board":1,"minecraft:bow":5,"minecraft:furnace":4,"minecraft:skeleton_skull":1,"minecraft:egg":2,"minecraft:stone_pickaxe":461,"minecraft:wooden_pickaxe":4,"minecraft:chainmail_helmet":1,"minecraft:sugar_cane":7,"minecraft:cookie":2,"minecraft:sand":8,"relics:horse_flute":4,"easy_villagers:villager":1,"minecraft:bread":13,"minecraft:lectern":1,"minecraft:gravel":14,"minecraft:air":10,"bonsaitrees3:bonsaipot":1,"minecraft:stone_sword":52,"minecraft:torch":307,"minecraft:dirt":160,"minecraft:anvil":1,"scalinghealth:heart_crystal":5,"minecraft:chainmail_chestplate":1,"minecraft:dark_oak_planks":148,"minecraft:bookshelf":1,"biomesoplenty:redwood_wood":1,"easy_villagers:trader":2,"minecraft:iron_boots":1,"torcherino:torcherino":5,"minecraft:gunpowder":1,"easy_villagers:incubator":2,"minecraft:cobbled_deepslate":68,"minecraft:iron_leggings":1,"farmersdelight:fried_egg":4,"minecraft:cooked_mutton":10,"farmersdelight:iron_knife":3,"minecraft:water_bucket":1,"minecraft:glass_bottle":11,"easy_villagers:farmer":5,"minecraft:crafting_table":7,"minecraft:magenta_bed":1,"minecraft:white_bed":7,"minecraft:oak_log":1,"minecraft:diamond_pickaxe":627,"minecraft:iron_pickaxe":921,"minecraft:stone_axe":78,"minecraft:cobblestone":82,"minecraft:potion":10,"minecraft:porkchop":3,"minecraft:bucket":6,"alexsmobs:animal_dictionary":4,"biomesoplenty:fir_log":3},"minecraft:mined":{"minecraft:dark_oak_planks":5,"minecraft:large_amethyst_bud":5,"minecraft:white_bed":6,"minecraft:jungle_leaves":3,"minecraft:granite":50,"minecraft:budding_amethyst":1,"minecraft:grass_block":119,"minecraft:spawner":2,"minecraft:iron_ore":2,"minecraft:cobbled_deepslate":9,"easy_villagers:breeder":1,"minecraft:deepslate_lapis_ore":12,"minecraft:small_amethyst_bud":1,"minecraft:deepslate_redstone_ore":20,"minecraft:medium_amethyst_bud":2,"minecraft:amethyst_cluster":4,"minecraft:clay":21,"minecraft:torch":15,"minecraft:calcite":3,"minecraft:chest":1,"easy_villagers:farmer":3,"minecraft:cobblestone":11,"minecraft:sugar_cane":14,"minecraft:wall_torch":9,"minecraft:amethyst_block":4,"minecraft:skeleton_skull":2,"minecraft:mud":10,"farmersdelight:cutting_board":1,"minecraft:magenta_bed":2,"minecraft:tnt":2,"biomesoplenty:fir_log":3,"minecraft:grass":17,"biomesoplenty:clover":17,"minecraft:oak_log":5,"minecraft:sand":131,"minecraft:dirt":74,"minecraft:smooth_basalt":2,"minecraft:oak_leaves":10,"botania:magenta_double_flower":1,"minecraft:deepslate":699,"minecraft:tuff":35,"eidolon:deep_silver_ore":6,"iceandfire:silver_ore":2,"minecraft:mossy_cobblestone":3,"farmersdelight:wild_carrots":5,"gravestone:gravestone":5,"biomesoplenty:bush":16,"minecraft:potted_bamboo":1,"minecraft:hay_block":19,"easy_villagers:iron_farm":2,"minecraft:furnace":1,"torcherino:torcherino":4,"minecraft:andesite":112,"treechop:chopped_log":2,"supplementaries:gunpowder":1,"minecraft:bookshelf":11,"biomesoplenty:high_grass":2,"minecraft:deepslate_iron_ore":1,"minecraft:vine":3,"minecraft:stone":800,"minecraft:potted_lily_of_the_valley":1,"minecraft:crafting_table":3,"minecraft:lectern":1,"biomesoplenty:high_grass_plant":2,"minecraft:tall_grass":5,"minecraft:copper_ore":2,"minecraft:diorite":18,"supplementaries:urn":4,"easy_villagers:incubator":1,"minecraft:coarse_dirt":4,"minecraft:spruce_log":2,"minecraft:coal_ore":14,"minecraft:cherry_leaves":8,"minecraft:gravel":42,"minecraft:cyan_carpet":4,"minecraft:cracked_stone_bricks":1,"minecraft:stone_bricks":1,"minecraft:chipped_anvil":2,"minecraft:gold_ore":2,"biomesoplenty:redwood_wood":12,"minecraft:fern":1},"minecraft:crafted":{"minecraft:brick":5,"minecraft:oak_planks":28,"biomesoplenty:redwood_slab":18,"minecraft:stone":2,"easy_villagers:incubator":1,"minecraft:bookshelf":3,"minecraft:cooked_mutton":10,"minecraft:iron_bars":16,"minecraft:glass":33,"minecraft:diamond_helmet":1,"minecraft:diamond_leggings":1,"minecraft:iron_boots":1,"minecraft:chest":5,"easy_villagers:trader":2,"minecraft:glass_bottle":3,"minecraft:emerald":189,"minecraft:crafting_table":4,"farmersdelight:iron_knife":1,"minecraft:wooden_pickaxe":1,"supplementaries:cage":1,"minecraft:clock":4,"minecraft:fletching_table":1,"biomesoplenty:fir_planks":1220,"farmersdelight:cutting_board":1,"farmersdelight:fried_egg":4,"minecraft:lectern":2,"minecraft:dark_oak_slab":6,"minecraft:diamond_pickaxe":1,"minecraft:charcoal":64,"minecraft:shield":3,"minecraft:stick":6272,"minecraft:iron_ingot":78,"minecraft:iron_pickaxe":4,"minecraft:iron_block":3,"minecraft:stone_sword":1,"minecraft:gold_ingot":22,"minecraft:composter":1,"minecraft:shears":1,"minecraft:iron_nugget":9,"minecraft:furnace":3,"bonsaitrees3:bonsaipot":1,"easy_villagers:iron_farm":2,"enigmaticlegacy:iron_ring":1,"minecraft:glass_pane":48,"minecraft:iron_axe":1,"minecraft:stone_pickaxe":4,"minecraft:diamond_boots":1,"minecraft:dark_oak_planks":1564,"minecraft:wheat":171,"sophisticatedbackpacks:iron_backpack":1,"easy_villagers:farmer":2,"torcherino:torcherino":1,"biomesoplenty:redwood_planks":588,"minecraft:iron_sword":1,"sophisticatedbackpacks:gold_backpack":1,"minecraft:bucket":4,"minecraft:stone_axe":1,"minecraft:enchanted_book":3,"minecraft:bread":57,"minecraft:air":0,"easy_villagers:breeder":1,"minecraft:iron_shovel":1,"minecraft:anvil":1,"minecraft:white_bed":2,"minecraft:torch":288,"minecraft:diamond_chestplate":1},"minecraft:dropped":{"minecraft:leather_helmet":1,"minecraft:dirt":3,"minecraft:dark_oak_log":41,"gravestone:obituary":8,"minecraft:sand":1,"minecraft:cyan_carpet":3,"supplementaries:ash":14,"minecraft:wheat_seeds":2,"minecraft:cobblestone":66,"minecraft:granite":1,"minecraft:chainmail_helmet":1,"minecraft:coarse_dirt":8,"minecraft:glass_pane":1,"minecraft:oak_sapling":5,"minecraft:bamboo":1},"minecraft:killed":{"minecraft:spider":1,"minecraft:skeleton":15,"minecraft:chicken":2,"eidolon:slimy_slug":2,"artifacts:mimic":2,"minecraft:pig":1,"minecraft:sheep":11,"minecraft:pillager":15,"minecraft:zombie":6,"minecraft:stray":1,"alexsmobs:fly":2,"alexsmobs:seagull":3,"iceandfire:ghost":1}},"DataVersion":3465}