{"stats":{"minecraft:dropped":{"minecraft:wheat_seeds":2,"minecraft:coarse_dirt":8,"minecraft:cobblestone":2,"minecraft:dirt":3,"minecraft:dark_oak_log":41,"minecraft:oak_sapling":5,"gravestone:obituary":5,"minecraft:cyan_carpet":3},"minecraft:picked_up":{"minecraft:crafting_table":2,"minecraft:coarse_dirt":8,"minecraft:andesite":40,"minecraft:pink_wool":1,"minecraft:tuff":16,"minecraft:oak_log":4,"gravestone:obituary":1,"enigmaticlegacy:enigmatic_eye":1,"minecraft:gunpowder":3,"minecraft:amethyst_block":3,"minecraft:dirt":192,"minecraft:paper":5,"minecraft:iron_leggings":1,"minecraft:item_frame":8,"minecraft:bone":4,"minecraft:cyan_carpet":3,"minecraft:apple":18,"minecraft:bow":1,"minecraft:wheat_seeds":2,"minecraft:cobbled_deepslate":133,"minecraft:iron_ingot":1,"minecraft:stone_pickaxe":1,"minecraft:calcite":3,"biomesoplenty:redwood_wood":427,"minecraft:smooth_basalt":2,"minecraft:chest":2,"minecraft:oak_planks":1,"minecraft:furnace":2,"minecraft:egg":8,"minecraft:book":18,"minecraft:dark_oak_sapling":8,"minecraft:stick":52,"minecraft:raw_iron":39,"apotheosis:gem":1,"patchouli:guide_book":2,"sophisticatedbackpacks:backpack":1,"minecraft:porkchop":3,"minecraft:carrot":10,"minecraft:diorite":3,"minecraft:white_bed":5,"minecraft:dark_oak_log":83,"minecraft:leather_helmet":1,"minecraft:dark_oak_planks":11,"easy_villagers:villager":2,"minecraft:stone_sword":1,"minecraft:arrow":2,"minecraft:slime_ball":2,"enigmaticlegacy:cursed_ring":1,"relics:horse_flute":1,"minecraft:hay_block":19,"minecraft:granite":11,"minecraft:gold_ingot":8,"minecraft:emerald":4,"biomesoplenty:redwood_sapling":59,"alexsmobs:maggot":2,"minecraft:oak_sapling":15,"botania:magenta_double_flower":2,"minecraft:mutton":16,"minecraft:coal":76,"iceandfire:raw_silver":1,"minecraft:white_wool":13,"minecraft:cobblestone":340},"minecraft:custom":{"enigmaticlegacy:play_time_with_seven_curses":0,"minecraft:interact_with_furnace":12,"lootr:looted_stat":10,"minecraft:mob_kills":21,"enigmaticlegacy:play_time_without_seven_curses":128675,"minecraft:interact_with_crafting_table":16,"minecraft:damage_dealt_resisted":0,"minecraft:leave_game":8,"minecraft:time_since_death":125489,"minecraft:sleep_in_bed":9,"minecraft:damage_resisted":0,"minecraft:time_since_rest":6667,"minecraft:sprint_one_cm":295706,"minecraft:damage_taken":3073,"minecraft:walk_one_cm":470630,"minecraft:damage_blocked_by_shield":2635,"minecraft:drop":16,"minecraft:damage_dealt":2902,"minecraft:play_time":130225,"minecraft:swim_one_cm":7631,"minecraft:crouch_one_cm":3911,"minecraft:fly_one_cm":186999,"minecraft:sneak_time":2510,"minecraft:open_chest":21,"minecraft:deaths":7,"minecraft:walk_under_water_one_cm":2043,"minecraft:jump":1617,"minecraft:fall_one_cm":34333,"minecraft:walk_on_water_one_cm":17270,"minecraft:total_world_time":130225},"minecraft:broken":{"minecraft:stone_pickaxe":3,"minecraft:iron_pickaxe":1},"minecraft:crafted":{"minecraft:oak_planks":16,"minecraft:crafting_table":3,"minecraft:furnace":3,"minecraft:stone_axe":1,"minecraft:bread":57,"minecraft:cooked_mutton":10,"minecraft:air":0,"minecraft:shield":1,"minecraft:stick":16,"minecraft:iron_ingot":2,"minecraft:stone_pickaxe":4,"minecraft:stone_sword":1,"minecraft:chest":2,"minecraft:white_bed":1,"minecraft:dark_oak_planks":168,"minecraft:torch":116,"minecraft:wheat":171},"minecraft:used":{"minecraft:cooked_mutton":10,"minecraft:stone_sword":33,"minecraft:stone_pickaxe":456,"minecraft:chest":4,"minecraft:shield":43,"minecraft:torch":72,"minecraft:dirt":118,"minecraft:mutton":2,"minecraft:crafting_table":5,"minecraft:white_bed":5,"minecraft:dark_oak_planks":148,"minecraft:bread":2,"minecraft:iron_pickaxe":216,"minecraft:pink_wool":1,"minecraft:gunpowder":1,"minecraft:stone_axe":68,"minecraft:cobblestone":38,"minecraft:furnace":4,"minecraft:porkchop":3,"alexsmobs:animal_dictionary":3},"minecraft:killed":{"minecraft:pig":1,"alexsmobs:seagull":2,"minecraft:skeleton":2,"minecraft:sheep":9,"minecraft:zombie":4,"minecraft:chicken":1,"alexsmobs:fly":1,"eidolon:slimy_slug":1},"minecraft:killed_by":{"iceandfire:ghost":7},"minecraft:mined":{"minecraft:dark_oak_planks":4,"minecraft:tuff":16,"minecraft:white_bed":5,"iceandfire:silver_ore":1,"farmersdelight:wild_carrots":5,"minecraft:crafting_table":2,"gravestone:gravestone":3,"minecraft:granite":11,"minecraft:budding_amethyst":1,"biomesoplenty:bush":16,"minecraft:calcite":3,"minecraft:grass_block":103,"minecraft:chest":1,"minecraft:tall_grass":5,"minecraft:cobblestone":2,"supplementaries:urn":1,"minecraft:amethyst_block":3,"minecraft:diorite":3,"minecraft:hay_block":19,"minecraft:coarse_dirt":4,"minecraft:furnace":1,"minecraft:iron_ore":2,"minecraft:andesite":42,"minecraft:spruce_log":2,"treechop:chopped_log":2,"supplementaries:gunpowder":1,"minecraft:grass":15,"biomesoplenty:clover":17,"minecraft:bookshelf":3,"minecraft:oak_log":4,"minecraft:coal_ore":14,"minecraft:cyan_carpet":4,"minecraft:dirt":50,"minecraft:smooth_basalt":2,"minecraft:deepslate":133,"minecraft:stone":317,"biomesoplenty:redwood_wood":11,"minecraft:oak_leaves":10,"minecraft:fern":1,"botania:magenta_double_flower":1}},"DataVersion":3465}