{"stats":{"minecraft:custom":{"enigmaticlegacy:play_time_with_seven_curses":0,"lootr:looted_stat":8,"minecraft:mob_kills":11,"minecraft:inspect_hopper":3,"minecraft:interact_with_crafting_table":43,"minecraft:open_barrel":5,"minecraft:damage_dealt_resisted":0,"minecraft:leave_game":3,"minecraft:time_since_death":24825,"minecraft:climb_one_cm":5170,"minecraft:damage_resisted":0,"minecraft:sprint_one_cm":383822,"minecraft:walk_one_cm":626357,"minecraft:drop":50,"minecraft:play_noteblock":9,"minecraft:play_time":219080,"minecraft:deaths":4,"minecraft:sneak_time":2691,"minecraft:walk_under_water_one_cm":5145,"minecraft:jump":2019,"minecraft:walk_on_water_one_cm":19016,"minecraft:total_world_time":219080,"minecraft:interact_with_furnace":88,"enigmaticlegacy:play_time_without_seven_curses":218481,"minecraft:tune_noteblock":3,"minecraft:interact_with_stonecutter":1,"minecraft:sleep_in_bed":15,"minecraft:time_since_rest":6453,"minecraft:waystone_activated":1,"minecraft:damage_taken":3024,"minecraft:damage_dealt":1874,"minecraft:swim_one_cm":55845,"minecraft:fly_one_cm":306995,"minecraft:open_chest":211,"minecraft:crouch_one_cm":1435,"minecraft:fall_one_cm":54667,"minecraft:horse_one_cm":5448},"minecraft:picked_up":{"minecraft:charcoal":24,"minecraft:crafting_table":7,"minecraft:azure_bluet":28,"minecraft:clay_ball":96,"botania:black_double_flower":1,"minecraft:oak_stairs":7,"minecraft:stone_brick_wall":10,"minecraft:brewing_stand":1,"gravestone:obituary":6,"minecraft:string":10,"minecraft:raw_copper":25,"minecraft:iron_axe":1,"minecraft:smooth_stone_slab":4,"minecraft:iron_shovel":3,"minecraft:item_frame":4,"minecraft:diamond_leggings":2,"minecraft:smooth_stone":5,"biomesoplenty:fir_planks":2,"minecraft:spruce_planks":40,"minecraft:poppy":7,"minecraft:spruce_slab":15,"minecraft:chest":4,"minecraft:birch_sapling":13,"minecraft:iron_boots":3,"minecraft:furnace":3,"minecraft:stick":306,"apotheosis:gem":7,"minecraft:glow_item_frame":1,"minecraft:oak_fence":1,"minecraft:torch":3,"minecraft:note_block":7,"minecraft:spruce_stairs":3,"minecraft:rotten_flesh":4,"minecraft:arrow":1,"botania:lime_mystical_flower":10,"farmersdelight:onion":1,"minecraft:hay_block":1,"minecraft:carved_pumpkin":3,"biomesoplenty:fir_slab":2,"supplementaries:ash":1,"minecraft:cobblestone":40,"minecraft:birch_log":24,"minecraft:leather_chestplate":2,"minecraft:black_bed":1,"minecraft:leather":3,"minecraft:potato":6,"biomesoplenty:fir_sapling":551,"minecraft:birch_planks":17,"biomesoplenty:fir_log":2271,"minecraft:oak_log":34,"iceandfire:ectoplasm":2,"minecraft:cobblestone_wall":26,"biomesoplenty:fir_stairs":10,"minecraft:dirt":736,"botania:black_mystical_flower":5,"minecraft:red_carpet":5,"minecraft:bone":1,"botania:cyan_mystical_flower":5,"minecraft:apple":6,"minecraft:stone_bricks":32,"minecraft:wheat_seeds":8,"botania:purple_mystical_flower":5,"artifacts:whoopee_cushion":5,"scalinghealth:power_crystal_shard":3,"minecraft:gray_bed":17,"minecraft:oak_planks":9,"minecraft:book":64,"minecraft:oak_slab":6,"minecraft:pumpkin":9,"patchouli:guide_book":2,"minecraft:sand":118,"enigmaticlegacy:enigmatic_amulet":1,"minecraft:white_bed":1,"minecraft:green_carpet":1,"minecraft:spider_eye":5,"alexsmobs:animal_dictionary":1,"handcrafted:stackable_book":2,"biomesoplenty:maple_sapling":13,"minecraft:slime_ball":1,"enigmaticlegacy:cursed_ring":1,"minecraft:stone_axe":1,"botania:orange_mystical_flower":3,"minecraft:iron_helmet":1,"minecraft:granite":2,"minecraft:chainmail_helmet":1,"minecraft:bread":4,"minecraft:coal":92,"iceandfire:raw_silver":3},"minecraft:killed_by":{"iceandfire:ghost":1},"minecraft:broken":{"minecraft:iron_shovel":1,"minecraft:iron_axe":1,"minecraft:stone_axe":1,"minecraft:wooden_axe":2,"minecraft:stone_shovel":1},"minecraft:used":{"minecraft:oak_fence":1,"minecraft:iron_shovel":666,"minecraft:spruce_slab":10,"minecraft:stone_shovel":140,"minecraft:poppy":1,"minecraft:chest":14,"minecraft:stone":1,"handcrafted:stackable_book":2,"minecraft:torch":57,"minecraft:dirt":514,"minecraft:cobblestone_wall":2,"minecraft:wooden_axe":117,"biomesoplenty:fir_sapling":90,"minecraft:iron_axe":373,"minecraft:oak_stairs":7,"minecraft:stone_bricks":20,"minecraft:furnace":9,"minecraft:gray_bed":9,"minecraft:leather_leggings":1,"minecraft:stone_pickaxe":91,"minecraft:oak_planks":3,"minecraft:wooden_pickaxe":19,"biomesoplenty:fir_planks":2,"minecraft:leather_boots":1,"biomesoplenty:fir_slab":85,"minecraft:oak_slab":6,"minecraft:crafting_table":5,"minecraft:white_bed":1,"minecraft:oak_log":2,"minecraft:bread":15,"biomesoplenty:fir_stairs":94,"minecraft:leather_helmet":1,"minecraft:stone_axe":155,"minecraft:green_carpet":1,"minecraft:cobblestone":9,"minecraft:glass_pane":4,"minecraft:smooth_stone_slab":52,"biomesoplenty:fir_log":8,"minecraft:dandelion":1,"minecraft:bone_meal":3},"minecraft:mined":{"minecraft:red_carpet":5,"iceandfire:silver_ore":3,"minecraft:brewing_stand":1,"gravestone:gravestone":4,"biomesoplenty:fir_slab":1,"minecraft:grass_block":422,"botania:black_double_flower":1,"minecraft:infested_chiseled_stone_bricks":2,"minecraft:hay_block":1,"botania:purple_mystical_flower":5,"minecraft:furnace":3,"minecraft:pumpkin":9,"treechop:chopped_log":26,"minecraft:azure_bluet":27,"minecraft:bookshelf":21,"biomesoplenty:fir_stairs":10,"minecraft:dirt_path":18,"minecraft:oak_stairs":2,"minecraft:green_carpet":1,"minecraft:stone":29,"minecraft:spruce_slab":4,"minecraft:oak_slab":4,"botania:lime_mystical_flower":10,"botania:orange_mystical_flower":3,"handcrafted:stackable_book":2,"minecraft:clay":24,"minecraft:crafting_table":5,"minecraft:torch":1,"minecraft:note_block":7,"biomesoplenty:fir_planks":2,"minecraft:chest":4,"minecraft:tall_grass":3,"minecraft:cobblestone":3,"biomesoplenty:huge_clover_petal":63,"minecraft:oak_planks":4,"botania:black_mystical_flower":5,"minecraft:wall_torch":1,"minecraft:seagrass":1,"botania:cyan_mystical_flower":5,"minecraft:cobblestone_wall":7,"minecraft:gray_bed":15,"minecraft:black_bed":1,"minecraft:stone_brick_stairs":2,"biomesoplenty:fir_log":13,"minecraft:smooth_stone_slab":4,"minecraft:grass":58,"biomesoplenty:clover":115,"minecraft:oak_log":2,"minecraft:sand":103,"minecraft:dirt":173,"biomesoplenty:fir_sapling":2,"minecraft:stone_bricks":2,"minecraft:fern":1},"minecraft:crafted":{"biomesoplenty:fir_stairs":124,"minecraft:smooth_stone":77,"minecraft:oak_planks":68,"minecraft:stone_shovel":1,"minecraft:smooth_stone_slab":48,"minecraft:furnace":4,"minecraft:stone":78,"minecraft:bone_meal":3,"minecraft:glass_pane":16,"botania:black_petal":2,"minecraft:iron_axe":1,"biomesoplenty:fir_slab":162,"minecraft:stone_pickaxe":2,"minecraft:chest":9,"handcrafted:stackable_book":4,"minecraft:wheat":9,"minecraft:crafting_table":1,"minecraft:wooden_pickaxe":1,"minecraft:stone_axe":2,"minecraft:bread":3,"minecraft:air":0,"biomesoplenty:fir_planks":1984,"minecraft:charcoal":527,"minecraft:stick":1684,"minecraft:iron_ingot":4,"minecraft:wooden_axe":2,"minecraft:iron_shovel":2,"minecraft:torch":504},"minecraft:dropped":{"biomesoplenty:fir_log":106,"minecraft:wheat_seeds":2,"minecraft:crafting_table":3,"artifacts:whoopee_cushion":4,"minecraft:spruce_stairs":1,"minecraft:chainmail_helmet":1,"minecraft:leather_helmet":1,"minecraft:gray_bed":3,"minecraft:iron_leggings":1,"gravestone:obituary":8,"minecraft:iron_shovel":2,"minecraft:string":6,"minecraft:stone_axe":1,"minecraft:cobblestone_wall":16,"minecraft:poppy":2,"minecraft:potato":1,"minecraft:spruce_planks":20,"minecraft:oak_sapling":8,"apotheosis:gem":1,"minecraft:stone_brick_wall":6,"minecraft:stone_bricks":6,"minecraft:spider_eye":3,"minecraft:spruce_slab":2,"minecraft:wooden_pickaxe":1,"minecraft:stone_pickaxe":1},"minecraft:killed":{"minecraft:spider":1,"alexsmobs:sugar_glider":1,"minecraft:skeleton":1,"eidolon:wraith":1,"eidolon:slimy_slug":1,"minecraft:bat":1,"minecraft:zombie":3,"alexsmobs:terrapin":1}},"DataVersion":3465}