{"stats":{"minecraft:dropped":{"biomesoplenty:fir_log":106,"minecraft:stone_axe":1,"minecraft:leather_helmet":1,"minecraft:iron_leggings":1,"gravestone:obituary":2},"minecraft:broken":{"minecraft:stone_axe":1,"minecraft:wooden_axe":2,"minecraft:stone_shovel":1},"minecraft:custom":{"enigmaticlegacy:play_time_with_seven_curses":0,"minecraft:interact_with_furnace":15,"lootr:looted_stat":2,"minecraft:mob_kills":6,"enigmaticlegacy:play_time_without_seven_curses":94933,"minecraft:interact_with_crafting_table":25,"minecraft:interact_with_stonecutter":1,"minecraft:leave_game":1,"minecraft:time_since_death":92873,"minecraft:sleep_in_bed":4,"minecraft:climb_one_cm":1120,"minecraft:damage_resisted":0,"minecraft:waystone_activated":1,"minecraft:time_since_rest":8849,"minecraft:sprint_one_cm":178177,"minecraft:damage_taken":1303,"minecraft:walk_one_cm":307814,"minecraft:drop":7,"minecraft:damage_dealt":1022,"minecraft:swim_one_cm":2374,"minecraft:fly_one_cm":127661,"minecraft:crouch_one_cm":972,"minecraft:open_chest":95,"minecraft:play_time":95076,"minecraft:sneak_time":1031,"minecraft:deaths":2,"minecraft:walk_under_water_one_cm":1163,"minecraft:jump":889,"minecraft:walk_on_water_one_cm":5572,"minecraft:total_world_time":95076,"minecraft:fall_one_cm":24804},"minecraft:picked_up":{"minecraft:birch_log":24,"minecraft:crafting_table":6,"minecraft:leather_chestplate":1,"minecraft:azure_bluet":26,"minecraft:leather":3,"minecraft:potato":2,"minecraft:oak_stairs":2,"biomesoplenty:fir_sapling":267,"minecraft:birch_planks":17,"biomesoplenty:fir_log":1175,"minecraft:oak_log":32,"gravestone:obituary":2,"iceandfire:ectoplasm":2,"biomesoplenty:fir_stairs":9,"minecraft:dirt":444,"minecraft:iron_axe":1,"botania:black_mystical_flower":5,"minecraft:bone":1,"botania:cyan_mystical_flower":5,"minecraft:apple":6,"minecraft:wheat_seeds":4,"minecraft:diamond_leggings":1,"minecraft:smooth_stone":5,"scalinghealth:power_crystal_shard":3,"minecraft:chest":4,"minecraft:birch_sapling":13,"minecraft:oak_planks":6,"minecraft:iron_boots":1,"minecraft:furnace":3,"minecraft:stick":169,"patchouli:guide_book":2,"enigmaticlegacy:enigmatic_amulet":1,"minecraft:white_bed":1,"alexsmobs:animal_dictionary":1,"biomesoplenty:maple_sapling":13,"minecraft:arrow":1,"minecraft:rotten_flesh":2,"enigmaticlegacy:cursed_ring":1,"minecraft:stone_axe":1,"farmersdelight:onion":1,"minecraft:hay_block":1,"minecraft:granite":2,"biomesoplenty:fir_slab":2,"minecraft:bread":4,"minecraft:coal":35,"minecraft:cobblestone":22},"minecraft:used":{"minecraft:leather_leggings":1,"minecraft:iron_shovel":244,"minecraft:stone_shovel":140,"minecraft:stone_pickaxe":3,"minecraft:oak_planks":2,"minecraft:wooden_pickaxe":18,"minecraft:chest":14,"minecraft:leather_boots":1,"minecraft:dirt":375,"biomesoplenty:fir_slab":85,"minecraft:crafting_table":4,"minecraft:white_bed":1,"minecraft:wooden_axe":117,"biomesoplenty:fir_sapling":62,"minecraft:iron_axe":163,"minecraft:oak_stairs":1,"minecraft:bread":8,"biomesoplenty:fir_stairs":94,"minecraft:leather_helmet":1,"minecraft:stone_axe":128,"minecraft:furnace":6,"biomesoplenty:fir_log":8,"minecraft:bone_meal":3},"minecraft:crafted":{"biomesoplenty:fir_stairs":124,"minecraft:oak_planks":68,"minecraft:stone_shovel":1,"minecraft:crafting_table":1,"minecraft:wooden_pickaxe":1,"minecraft:furnace":3,"minecraft:bone_meal":3,"minecraft:stone_axe":1,"minecraft:bread":3,"minecraft:air":0,"botania:black_petal":2,"biomesoplenty:fir_planks":1600,"minecraft:charcoal":49,"biomesoplenty:fir_slab":162,"minecraft:stick":1680,"minecraft:iron_ingot":2,"minecraft:stone_pickaxe":2,"minecraft:wooden_axe":2,"minecraft:chest":9,"minecraft:iron_shovel":2,"minecraft:wheat":9},"minecraft:killed":{"minecraft:bat":1,"alexsmobs:sugar_glider":1,"minecraft:skeleton":1,"eidolon:wraith":1,"alexsmobs:terrapin":1,"eidolon:slimy_slug":1},"minecraft:killed_by":{"iceandfire:ghost":1},"minecraft:mined":{"minecraft:crafting_table":4,"gravestone:gravestone":2,"biomesoplenty:fir_slab":1,"minecraft:grass_block":240,"minecraft:chest":4,"biomesoplenty:huge_clover_petal":63,"minecraft:oak_planks":1,"botania:black_mystical_flower":5,"minecraft:hay_block":1,"botania:cyan_mystical_flower":5,"minecraft:furnace":3,"treechop:chopped_log":19,"biomesoplenty:fir_log":8,"minecraft:azure_bluet":27,"minecraft:grass":48,"biomesoplenty:clover":106,"minecraft:oak_log":2,"biomesoplenty:fir_stairs":9,"minecraft:dirt_path":18,"minecraft:oak_stairs":1,"minecraft:dirt":68,"biomesoplenty:fir_sapling":2,"minecraft:stone":18,"minecraft:fern":1}},"DataVersion":3465}