{"stats":{"minecraft:dropped":{"biomesoplenty:fir_log":106,"minecraft:stone_axe":1,"minecraft:leather_helmet":1,"minecraft:iron_leggings":1,"gravestone:obituary":2},"minecraft:broken":{"minecraft:iron_axe":1,"minecraft:stone_axe":1,"minecraft:wooden_axe":2,"minecraft:stone_shovel":1},"minecraft:custom":{"enigmaticlegacy:play_time_with_seven_curses":0,"minecraft:interact_with_furnace":48,"lootr:looted_stat":2,"minecraft:mob_kills":7,"enigmaticlegacy:play_time_without_seven_curses":118933,"minecraft:interact_with_crafting_table":36,"minecraft:interact_with_stonecutter":1,"minecraft:leave_game":1,"minecraft:time_since_death":116873,"minecraft:sleep_in_bed":6,"minecraft:climb_one_cm":1436,"minecraft:damage_resisted":0,"minecraft:waystone_activated":1,"minecraft:time_since_rest":4840,"minecraft:sprint_one_cm":237996,"minecraft:damage_taken":1438,"minecraft:walk_one_cm":363220,"minecraft:drop":7,"minecraft:damage_dealt":1097,"minecraft:swim_one_cm":2374,"minecraft:fly_one_cm":135354,"minecraft:crouch_one_cm":1146,"minecraft:open_chest":136,"minecraft:play_time":119076,"minecraft:sneak_time":1178,"minecraft:deaths":2,"minecraft:walk_under_water_one_cm":1163,"minecraft:jump":997,"minecraft:walk_on_water_one_cm":5572,"minecraft:total_world_time":119076,"minecraft:fall_one_cm":25673},"minecraft:picked_up":{"minecraft:birch_log":24,"minecraft:crafting_table":6,"minecraft:leather_chestplate":1,"minecraft:azure_bluet":26,"minecraft:leather":3,"minecraft:potato":2,"minecraft:oak_stairs":2,"biomesoplenty:fir_sapling":551,"minecraft:birch_planks":17,"biomesoplenty:fir_log":2266,"minecraft:oak_log":32,"gravestone:obituary":2,"iceandfire:ectoplasm":2,"biomesoplenty:fir_stairs":9,"minecraft:dirt":468,"minecraft:iron_axe":1,"botania:black_mystical_flower":5,"minecraft:smooth_stone_slab":1,"minecraft:bone":1,"botania:cyan_mystical_flower":5,"minecraft:apple":6,"minecraft:wheat_seeds":4,"minecraft:diamond_leggings":1,"minecraft:smooth_stone":5,"biomesoplenty:fir_planks":2,"scalinghealth:power_crystal_shard":3,"minecraft:chest":4,"minecraft:birch_sapling":13,"minecraft:oak_planks":6,"minecraft:iron_boots":1,"minecraft:furnace":3,"minecraft:stick":304,"patchouli:guide_book":2,"enigmaticlegacy:enigmatic_amulet":1,"minecraft:white_bed":1,"alexsmobs:animal_dictionary":1,"biomesoplenty:maple_sapling":13,"minecraft:arrow":1,"minecraft:rotten_flesh":2,"enigmaticlegacy:cursed_ring":1,"minecraft:stone_axe":1,"farmersdelight:onion":1,"minecraft:hay_block":1,"minecraft:granite":2,"biomesoplenty:fir_slab":2,"minecraft:bread":4,"minecraft:coal":35,"minecraft:cobblestone":23},"minecraft:used":{"minecraft:leather_leggings":1,"minecraft:iron_shovel":272,"minecraft:stone_shovel":140,"minecraft:stone_pickaxe":5,"minecraft:oak_planks":2,"minecraft:wooden_pickaxe":18,"minecraft:chest":14,"minecraft:stone":1,"biomesoplenty:fir_planks":2,"minecraft:leather_boots":1,"minecraft:dirt":380,"biomesoplenty:fir_slab":85,"minecraft:crafting_table":4,"minecraft:white_bed":1,"minecraft:wooden_axe":117,"biomesoplenty:fir_sapling":90,"minecraft:iron_axe":354,"minecraft:oak_stairs":1,"minecraft:bread":11,"biomesoplenty:fir_stairs":94,"minecraft:leather_helmet":1,"minecraft:stone_axe":128,"minecraft:furnace":9,"minecraft:smooth_stone_slab":11,"biomesoplenty:fir_log":8,"minecraft:bone_meal":3},"minecraft:crafted":{"biomesoplenty:fir_stairs":124,"minecraft:smooth_stone":8,"minecraft:oak_planks":68,"minecraft:stone_shovel":1,"minecraft:smooth_stone_slab":24,"minecraft:crafting_table":1,"minecraft:wooden_pickaxe":1,"minecraft:furnace":4,"minecraft:stone":29,"minecraft:bone_meal":3,"minecraft:stone_axe":1,"minecraft:bread":3,"minecraft:air":0,"botania:black_petal":2,"biomesoplenty:fir_planks":1984,"minecraft:charcoal":311,"minecraft:iron_axe":1,"biomesoplenty:fir_slab":162,"minecraft:stick":1680,"minecraft:iron_ingot":4,"minecraft:stone_pickaxe":2,"minecraft:wooden_axe":2,"minecraft:chest":9,"minecraft:iron_shovel":2,"minecraft:torch":504,"minecraft:wheat":9},"minecraft:killed":{"minecraft:bat":1,"alexsmobs:sugar_glider":1,"minecraft:skeleton":1,"eidolon:wraith":1,"alexsmobs:terrapin":1,"eidolon:slimy_slug":1},"minecraft:killed_by":{"iceandfire:ghost":1},"minecraft:mined":{"minecraft:crafting_table":4,"gravestone:gravestone":2,"biomesoplenty:fir_slab":1,"minecraft:grass_block":265,"biomesoplenty:fir_planks":2,"minecraft:chest":4,"biomesoplenty:huge_clover_petal":63,"minecraft:oak_planks":1,"botania:black_mystical_flower":5,"minecraft:hay_block":1,"botania:cyan_mystical_flower":5,"minecraft:furnace":3,"treechop:chopped_log":26,"minecraft:smooth_stone_slab":1,"biomesoplenty:fir_log":8,"minecraft:azure_bluet":27,"minecraft:grass":49,"biomesoplenty:clover":109,"minecraft:oak_log":2,"biomesoplenty:fir_stairs":9,"minecraft:dirt_path":18,"minecraft:oak_stairs":1,"minecraft:dirt":72,"biomesoplenty:fir_sapling":2,"minecraft:stone":19,"minecraft:fern":1}},"DataVersion":3465}