{"stats":{"minecraft:dropped":{"biomesoplenty:fir_log":106,"minecraft:crafting_table":3,"minecraft:leather_helmet":1,"minecraft:iron_leggings":1,"gravestone:obituary":5,"minecraft:stone_axe":1},"minecraft:broken":{"minecraft:iron_shovel":1,"minecraft:iron_axe":1,"minecraft:stone_axe":1,"minecraft:wooden_axe":2,"minecraft:stone_shovel":1},"minecraft:picked_up":{"minecraft:charcoal":24,"minecraft:crafting_table":7,"minecraft:azure_bluet":28,"minecraft:clay_ball":96,"minecraft:oak_stairs":7,"gravestone:obituary":2,"minecraft:raw_copper":25,"minecraft:iron_axe":1,"minecraft:smooth_stone_slab":4,"minecraft:diamond_leggings":1,"minecraft:smooth_stone":5,"biomesoplenty:fir_planks":2,"minecraft:poppy":5,"minecraft:chest":4,"minecraft:birch_sapling":13,"minecraft:iron_boots":1,"minecraft:furnace":3,"minecraft:stick":304,"apotheosis:gem":1,"minecraft:oak_fence":1,"minecraft:torch":3,"minecraft:arrow":1,"minecraft:rotten_flesh":3,"farmersdelight:onion":1,"minecraft:hay_block":1,"biomesoplenty:fir_slab":2,"supplementaries:ash":1,"minecraft:cobblestone":37,"minecraft:birch_log":24,"minecraft:leather_chestplate":1,"minecraft:leather":3,"minecraft:potato":2,"minecraft:birch_planks":17,"biomesoplenty:fir_sapling":551,"biomesoplenty:fir_log":2271,"minecraft:oak_log":34,"iceandfire:ectoplasm":2,"biomesoplenty:fir_stairs":10,"minecraft:cobblestone_wall":2,"minecraft:dirt":665,"botania:black_mystical_flower":5,"minecraft:bone":1,"botania:cyan_mystical_flower":5,"minecraft:apple":6,"minecraft:wheat_seeds":4,"scalinghealth:power_crystal_shard":3,"minecraft:oak_planks":6,"minecraft:oak_slab":6,"patchouli:guide_book":2,"minecraft:sand":118,"enigmaticlegacy:enigmatic_amulet":1,"minecraft:white_bed":1,"alexsmobs:animal_dictionary":1,"biomesoplenty:maple_sapling":13,"enigmaticlegacy:cursed_ring":1,"minecraft:stone_axe":1,"minecraft:granite":2,"minecraft:bread":4,"minecraft:coal":92,"iceandfire:raw_silver":3},"minecraft:custom":{"enigmaticlegacy:play_time_with_seven_curses":0,"lootr:looted_stat":2,"minecraft:mob_kills":9,"minecraft:inspect_hopper":3,"minecraft:interact_with_crafting_table":40,"minecraft:open_barrel":3,"minecraft:leave_game":2,"minecraft:time_since_death":37039,"minecraft:climb_one_cm":2029,"minecraft:damage_resisted":0,"minecraft:sprint_one_cm":295739,"minecraft:walk_one_cm":477829,"minecraft:drop":11,"minecraft:play_time":161050,"minecraft:deaths":3,"minecraft:sneak_time":1713,"minecraft:walk_under_water_one_cm":3434,"minecraft:jump":1379,"minecraft:walk_on_water_one_cm":13450,"minecraft:total_world_time":161050,"minecraft:interact_with_furnace":86,"enigmaticlegacy:play_time_without_seven_curses":160573,"minecraft:interact_with_stonecutter":1,"minecraft:sleep_in_bed":9,"minecraft:time_since_rest":3082,"minecraft:waystone_activated":1,"minecraft:damage_taken":2061,"minecraft:damage_dealt":1417,"minecraft:swim_one_cm":18807,"minecraft:fly_one_cm":191792,"minecraft:open_chest":197,"minecraft:crouch_one_cm":1184,"minecraft:fall_one_cm":33462},"minecraft:used":{"minecraft:oak_fence":1,"minecraft:iron_shovel":573,"minecraft:stone_shovel":140,"minecraft:chest":14,"minecraft:stone":1,"minecraft:torch":57,"minecraft:dirt":465,"minecraft:cobblestone_wall":2,"minecraft:wooden_axe":117,"biomesoplenty:fir_sapling":90,"minecraft:iron_axe":373,"minecraft:oak_stairs":7,"minecraft:furnace":9,"minecraft:leather_leggings":1,"minecraft:stone_pickaxe":27,"minecraft:oak_planks":2,"minecraft:wooden_pickaxe":18,"biomesoplenty:fir_planks":2,"minecraft:leather_boots":1,"biomesoplenty:fir_slab":85,"minecraft:oak_slab":6,"minecraft:crafting_table":5,"minecraft:white_bed":1,"minecraft:oak_log":2,"minecraft:bread":15,"biomesoplenty:fir_stairs":94,"minecraft:leather_helmet":1,"minecraft:stone_axe":128,"minecraft:cobblestone":9,"minecraft:glass_pane":4,"minecraft:smooth_stone_slab":52,"biomesoplenty:fir_log":8,"minecraft:bone_meal":3},"minecraft:crafted":{"biomesoplenty:fir_stairs":124,"minecraft:smooth_stone":77,"minecraft:oak_planks":68,"minecraft:stone_shovel":1,"minecraft:smooth_stone_slab":48,"minecraft:furnace":4,"minecraft:stone":78,"minecraft:bone_meal":3,"minecraft:glass_pane":16,"botania:black_petal":2,"minecraft:iron_axe":1,"biomesoplenty:fir_slab":162,"minecraft:stone_pickaxe":2,"minecraft:chest":9,"minecraft:wheat":9,"minecraft:crafting_table":1,"minecraft:wooden_pickaxe":1,"minecraft:stone_axe":1,"minecraft:bread":3,"minecraft:air":0,"biomesoplenty:fir_planks":1984,"minecraft:charcoal":527,"minecraft:stick":1680,"minecraft:iron_ingot":4,"minecraft:wooden_axe":2,"minecraft:iron_shovel":2,"minecraft:torch":504},"minecraft:killed":{"alexsmobs:sugar_glider":1,"minecraft:skeleton":1,"eidolon:wraith":1,"eidolon:slimy_slug":1,"minecraft:bat":1,"minecraft:zombie":2,"alexsmobs:terrapin":1},"minecraft:killed_by":{"iceandfire:ghost":1},"minecraft:mined":{"iceandfire:silver_ore":3,"gravestone:gravestone":3,"biomesoplenty:fir_slab":1,"minecraft:grass_block":377,"minecraft:hay_block":1,"minecraft:furnace":3,"treechop:chopped_log":26,"minecraft:azure_bluet":27,"minecraft:dirt_path":18,"biomesoplenty:fir_stairs":10,"minecraft:oak_stairs":2,"minecraft:stone":26,"minecraft:oak_slab":4,"minecraft:clay":24,"minecraft:crafting_table":5,"minecraft:torch":1,"biomesoplenty:fir_planks":2,"minecraft:chest":4,"minecraft:cobblestone":3,"biomesoplenty:huge_clover_petal":63,"minecraft:oak_planks":1,"botania:black_mystical_flower":5,"minecraft:wall_torch":1,"minecraft:seagrass":1,"botania:cyan_mystical_flower":5,"minecraft:cobblestone_wall":1,"biomesoplenty:fir_log":13,"minecraft:smooth_stone_slab":4,"biomesoplenty:clover":115,"minecraft:grass":50,"minecraft:oak_log":2,"minecraft:sand":103,"minecraft:dirt":133,"biomesoplenty:fir_sapling":2,"minecraft:fern":1}},"DataVersion":3465}