{"stats":{"minecraft:custom":{"enigmaticlegacy:play_time_with_seven_curses":0,"lootr:looted_stat":6,"minecraft:mob_kills":9,"minecraft:inspect_hopper":3,"minecraft:interact_with_crafting_table":40,"minecraft:open_barrel":5,"minecraft:leave_game":3,"minecraft:time_since_death":65069,"minecraft:climb_one_cm":2029,"minecraft:damage_resisted":0,"minecraft:sprint_one_cm":341577,"minecraft:walk_one_cm":559376,"minecraft:drop":19,"minecraft:play_time":189080,"minecraft:deaths":3,"minecraft:sneak_time":2295,"minecraft:walk_under_water_one_cm":3434,"minecraft:jump":1637,"minecraft:walk_on_water_one_cm":13450,"minecraft:total_world_time":189080,"minecraft:interact_with_furnace":87,"enigmaticlegacy:play_time_without_seven_curses":188603,"minecraft:interact_with_stonecutter":1,"minecraft:sleep_in_bed":11,"minecraft:time_since_rest":25047,"minecraft:waystone_activated":1,"minecraft:damage_taken":2085,"minecraft:damage_dealt":1420,"minecraft:swim_one_cm":18807,"minecraft:fly_one_cm":225322,"minecraft:open_chest":205,"minecraft:crouch_one_cm":1424,"minecraft:fall_one_cm":37615,"minecraft:horse_one_cm":5448},"minecraft:picked_up":{"minecraft:charcoal":24,"minecraft:crafting_table":7,"minecraft:azure_bluet":28,"minecraft:clay_ball":96,"botania:black_double_flower":1,"minecraft:oak_stairs":7,"minecraft:brewing_stand":1,"gravestone:obituary":2,"minecraft:raw_copper":25,"minecraft:iron_axe":1,"minecraft:smooth_stone_slab":4,"minecraft:diamond_leggings":1,"minecraft:smooth_stone":5,"biomesoplenty:fir_planks":2,"minecraft:poppy":7,"minecraft:chest":4,"minecraft:birch_sapling":13,"minecraft:iron_boots":1,"minecraft:furnace":3,"minecraft:stick":304,"apotheosis:gem":1,"minecraft:glow_item_frame":1,"minecraft:oak_fence":1,"minecraft:torch":3,"minecraft:rotten_flesh":3,"minecraft:arrow":1,"botania:lime_mystical_flower":8,"farmersdelight:onion":1,"minecraft:hay_block":1,"minecraft:carved_pumpkin":1,"biomesoplenty:fir_slab":2,"supplementaries:ash":1,"minecraft:cobblestone":37,"minecraft:birch_log":24,"minecraft:leather_chestplate":1,"minecraft:leather":3,"minecraft:potato":3,"biomesoplenty:fir_sapling":551,"minecraft:birch_planks":17,"biomesoplenty:fir_log":2271,"minecraft:oak_log":34,"iceandfire:ectoplasm":2,"minecraft:cobblestone_wall":2,"biomesoplenty:fir_stairs":10,"minecraft:dirt":721,"botania:black_mystical_flower":5,"minecraft:red_carpet":5,"minecraft:bone":1,"botania:cyan_mystical_flower":5,"minecraft:apple":6,"minecraft:wheat_seeds":4,"botania:purple_mystical_flower":5,"artifacts:whoopee_cushion":4,"scalinghealth:power_crystal_shard":3,"minecraft:gray_bed":9,"minecraft:oak_planks":6,"minecraft:oak_slab":6,"minecraft:pumpkin":9,"patchouli:guide_book":2,"minecraft:sand":118,"enigmaticlegacy:enigmatic_amulet":1,"minecraft:white_bed":1,"minecraft:green_carpet":1,"alexsmobs:animal_dictionary":1,"biomesoplenty:maple_sapling":13,"enigmaticlegacy:cursed_ring":1,"minecraft:stone_axe":1,"minecraft:granite":2,"minecraft:bread":4,"minecraft:coal":92,"iceandfire:raw_silver":3},"minecraft:killed_by":{"iceandfire:ghost":1},"minecraft:broken":{"minecraft:iron_shovel":1,"minecraft:iron_axe":1,"minecraft:stone_axe":1,"minecraft:wooden_axe":2,"minecraft:stone_shovel":1},"minecraft:used":{"minecraft:oak_fence":1,"minecraft:iron_shovel":644,"minecraft:stone_shovel":140,"minecraft:poppy":1,"minecraft:chest":14,"minecraft:stone":1,"minecraft:torch":57,"minecraft:dirt":477,"minecraft:cobblestone_wall":2,"minecraft:wooden_axe":117,"biomesoplenty:fir_sapling":90,"minecraft:iron_axe":373,"minecraft:oak_stairs":7,"minecraft:furnace":9,"minecraft:leather_leggings":1,"minecraft:stone_pickaxe":45,"minecraft:oak_planks":2,"minecraft:wooden_pickaxe":18,"biomesoplenty:fir_planks":2,"minecraft:leather_boots":1,"biomesoplenty:fir_slab":85,"minecraft:oak_slab":6,"minecraft:crafting_table":5,"minecraft:white_bed":1,"minecraft:oak_log":2,"minecraft:bread":15,"biomesoplenty:fir_stairs":94,"minecraft:leather_helmet":1,"minecraft:stone_axe":128,"minecraft:green_carpet":1,"minecraft:cobblestone":9,"minecraft:glass_pane":4,"minecraft:smooth_stone_slab":52,"biomesoplenty:fir_log":8,"minecraft:dandelion":1,"minecraft:bone_meal":3},"minecraft:mined":{"minecraft:red_carpet":5,"iceandfire:silver_ore":3,"minecraft:brewing_stand":1,"gravestone:gravestone":3,"biomesoplenty:fir_slab":1,"minecraft:grass_block":414,"botania:black_double_flower":1,"minecraft:hay_block":1,"botania:purple_mystical_flower":5,"minecraft:furnace":3,"minecraft:pumpkin":9,"treechop:chopped_log":26,"minecraft:azure_bluet":27,"biomesoplenty:fir_stairs":10,"minecraft:dirt_path":18,"minecraft:oak_stairs":2,"minecraft:green_carpet":1,"minecraft:stone":26,"minecraft:oak_slab":4,"botania:lime_mystical_flower":8,"minecraft:clay":24,"minecraft:crafting_table":5,"minecraft:torch":1,"biomesoplenty:fir_planks":2,"minecraft:chest":4,"minecraft:cobblestone":3,"biomesoplenty:huge_clover_petal":63,"minecraft:oak_planks":1,"botania:black_mystical_flower":5,"minecraft:wall_torch":1,"minecraft:seagrass":1,"botania:cyan_mystical_flower":5,"minecraft:cobblestone_wall":1,"minecraft:gray_bed":9,"biomesoplenty:fir_log":13,"minecraft:smooth_stone_slab":4,"minecraft:grass":54,"biomesoplenty:clover":115,"minecraft:oak_log":2,"minecraft:sand":103,"minecraft:dirt":163,"biomesoplenty:fir_sapling":2,"minecraft:fern":1},"minecraft:crafted":{"biomesoplenty:fir_stairs":124,"minecraft:smooth_stone":77,"minecraft:oak_planks":68,"minecraft:stone_shovel":1,"minecraft:smooth_stone_slab":48,"minecraft:furnace":4,"minecraft:stone":78,"minecraft:bone_meal":3,"minecraft:glass_pane":16,"botania:black_petal":2,"minecraft:iron_axe":1,"biomesoplenty:fir_slab":162,"minecraft:stone_pickaxe":2,"minecraft:chest":9,"minecraft:wheat":9,"minecraft:crafting_table":1,"minecraft:wooden_pickaxe":1,"minecraft:stone_axe":1,"minecraft:bread":3,"minecraft:air":0,"biomesoplenty:fir_planks":1984,"minecraft:charcoal":527,"minecraft:stick":1680,"minecraft:iron_ingot":4,"minecraft:wooden_axe":2,"minecraft:iron_shovel":2,"minecraft:torch":504},"minecraft:dropped":{"biomesoplenty:fir_log":106,"minecraft:crafting_table":3,"artifacts:whoopee_cushion":4,"minecraft:leather_helmet":1,"minecraft:iron_leggings":1,"gravestone:obituary":5,"minecraft:stone_axe":1,"minecraft:poppy":2,"minecraft:potato":1,"minecraft:stone_pickaxe":1},"minecraft:killed":{"alexsmobs:sugar_glider":1,"minecraft:skeleton":1,"eidolon:wraith":1,"eidolon:slimy_slug":1,"minecraft:bat":1,"minecraft:zombie":2,"alexsmobs:terrapin":1}},"DataVersion":3465}