{"stats":{"minecraft:dropped":{"biomesoplenty:fir_log":106,"minecraft:stone_axe":1,"minecraft:crafting_table":3,"minecraft:leather_helmet":1,"minecraft:iron_leggings":1,"gravestone:obituary":2},"minecraft:broken":{"minecraft:iron_shovel":1,"minecraft:iron_axe":1,"minecraft:stone_axe":1,"minecraft:wooden_axe":2,"minecraft:stone_shovel":1},"minecraft:custom":{"enigmaticlegacy:play_time_with_seven_curses":0,"minecraft:interact_with_furnace":59,"lootr:looted_stat":2,"minecraft:mob_kills":9,"enigmaticlegacy:play_time_without_seven_curses":130599,"minecraft:interact_with_crafting_table":37,"minecraft:interact_with_stonecutter":1,"minecraft:leave_game":1,"minecraft:time_since_death":7065,"minecraft:sleep_in_bed":7,"minecraft:climb_one_cm":1436,"minecraft:damage_resisted":0,"minecraft:waystone_activated":1,"minecraft:time_since_rest":873,"minecraft:sprint_one_cm":257573,"minecraft:damage_taken":1769,"minecraft:walk_one_cm":407013,"minecraft:drop":8,"minecraft:damage_dealt":1417,"minecraft:swim_one_cm":3405,"minecraft:fly_one_cm":140978,"minecraft:crouch_one_cm":1184,"minecraft:open_chest":136,"minecraft:play_time":131076,"minecraft:sneak_time":1561,"minecraft:deaths":3,"minecraft:walk_under_water_one_cm":1940,"minecraft:jump":1086,"minecraft:walk_on_water_one_cm":5789,"minecraft:total_world_time":131076,"minecraft:fall_one_cm":26912},"minecraft:picked_up":{"minecraft:birch_log":24,"minecraft:crafting_table":7,"minecraft:leather_chestplate":1,"minecraft:azure_bluet":28,"minecraft:leather":3,"minecraft:potato":2,"minecraft:oak_stairs":2,"biomesoplenty:fir_sapling":551,"minecraft:birch_planks":17,"biomesoplenty:fir_log":2271,"minecraft:oak_log":32,"gravestone:obituary":2,"iceandfire:ectoplasm":2,"biomesoplenty:fir_stairs":9,"minecraft:dirt":642,"minecraft:raw_copper":25,"minecraft:iron_axe":1,"botania:black_mystical_flower":5,"minecraft:smooth_stone_slab":4,"minecraft:bone":1,"botania:cyan_mystical_flower":5,"minecraft:apple":6,"minecraft:wheat_seeds":4,"minecraft:diamond_leggings":1,"minecraft:smooth_stone":5,"biomesoplenty:fir_planks":2,"scalinghealth:power_crystal_shard":3,"minecraft:chest":4,"minecraft:birch_sapling":13,"minecraft:oak_planks":6,"minecraft:iron_boots":1,"minecraft:furnace":3,"apotheosis:gem":1,"minecraft:stick":304,"patchouli:guide_book":2,"minecraft:torch":1,"enigmaticlegacy:enigmatic_amulet":1,"minecraft:white_bed":1,"alexsmobs:animal_dictionary":1,"biomesoplenty:maple_sapling":13,"minecraft:arrow":1,"minecraft:rotten_flesh":3,"enigmaticlegacy:cursed_ring":1,"minecraft:stone_axe":1,"farmersdelight:onion":1,"minecraft:hay_block":1,"minecraft:granite":2,"biomesoplenty:fir_slab":2,"minecraft:bread":4,"supplementaries:ash":1,"iceandfire:raw_silver":3,"minecraft:coal":74,"minecraft:cobblestone":30},"minecraft:used":{"minecraft:leather_leggings":1,"minecraft:iron_shovel":442,"minecraft:stone_shovel":140,"minecraft:stone_pickaxe":22,"minecraft:oak_planks":2,"minecraft:wooden_pickaxe":18,"minecraft:chest":14,"minecraft:stone":1,"biomesoplenty:fir_planks":2,"minecraft:leather_boots":1,"minecraft:torch":23,"minecraft:dirt":397,"biomesoplenty:fir_slab":85,"minecraft:crafting_table":5,"minecraft:white_bed":1,"minecraft:wooden_axe":117,"biomesoplenty:fir_sapling":90,"minecraft:iron_axe":366,"minecraft:oak_stairs":1,"minecraft:bread":11,"biomesoplenty:fir_stairs":94,"minecraft:leather_helmet":1,"minecraft:stone_axe":128,"minecraft:furnace":9,"minecraft:smooth_stone_slab":52,"biomesoplenty:fir_log":8,"minecraft:bone_meal":3},"minecraft:crafted":{"biomesoplenty:fir_stairs":124,"minecraft:smooth_stone":19,"minecraft:oak_planks":68,"minecraft:stone_shovel":1,"minecraft:smooth_stone_slab":48,"minecraft:crafting_table":1,"minecraft:wooden_pickaxe":1,"minecraft:furnace":4,"minecraft:stone":40,"minecraft:bone_meal":3,"minecraft:stone_axe":1,"minecraft:bread":3,"minecraft:air":0,"botania:black_petal":2,"biomesoplenty:fir_planks":1984,"minecraft:charcoal":490,"minecraft:iron_axe":1,"biomesoplenty:fir_slab":162,"minecraft:stick":1680,"minecraft:iron_ingot":4,"minecraft:stone_pickaxe":2,"minecraft:wooden_axe":2,"minecraft:chest":9,"minecraft:iron_shovel":2,"minecraft:torch":504,"minecraft:wheat":9},"minecraft:killed":{"minecraft:bat":1,"alexsmobs:sugar_glider":1,"minecraft:skeleton":1,"eidolon:wraith":1,"minecraft:zombie":2,"alexsmobs:terrapin":1,"eidolon:slimy_slug":1},"minecraft:killed_by":{"iceandfire:ghost":1},"minecraft:mined":{"iceandfire:silver_ore":3,"minecraft:crafting_table":5,"gravestone:gravestone":3,"biomesoplenty:fir_slab":1,"minecraft:grass_block":376,"biomesoplenty:fir_planks":2,"minecraft:chest":4,"biomesoplenty:huge_clover_petal":63,"minecraft:wall_torch":1,"minecraft:oak_planks":1,"botania:black_mystical_flower":5,"minecraft:hay_block":1,"botania:cyan_mystical_flower":5,"minecraft:furnace":3,"treechop:chopped_log":26,"minecraft:smooth_stone_slab":4,"biomesoplenty:fir_log":13,"minecraft:azure_bluet":27,"minecraft:grass":50,"biomesoplenty:clover":115,"minecraft:oak_log":2,"biomesoplenty:fir_stairs":9,"minecraft:dirt_path":18,"minecraft:oak_stairs":1,"minecraft:dirt":130,"biomesoplenty:fir_sapling":2,"minecraft:stone":26,"minecraft:fern":1}},"DataVersion":3465}