{"stats":{"minecraft:custom":{"enigmaticlegacy:play_time_with_seven_curses":0,"lootr:looted_stat":5,"minecraft:mob_kills":34,"minecraft:animals_bred":11,"minecraft:inspect_hopper":6,"minecraft:interact_with_crafting_table":46,"minecraft:open_barrel":2,"minecraft:bell_ring":3,"minecraft:damage_dealt_resisted":0,"minecraft:leave_game":4,"minecraft:time_since_death":28919,"minecraft:climb_one_cm":6094,"minecraft:damage_resisted":0,"minecraft:sprint_one_cm":631121,"minecraft:walk_one_cm":525459,"minecraft:damage_blocked_by_shield":538,"minecraft:drop":119,"minecraft:talked_to_villager":78,"minecraft:play_time":207516,"minecraft:deaths":3,"minecraft:sneak_time":10556,"minecraft:walk_under_water_one_cm":2048,"minecraft:jump":3638,"minecraft:interact_with_brewingstand":1,"minecraft:interact_with_blast_furnace":2,"minecraft:walk_on_water_one_cm":26121,"minecraft:total_world_time":207516,"minecraft:interact_with_furnace":46,"enigmaticlegacy:play_time_without_seven_curses":207413,"minecraft:traded_with_villager":318,"minecraft:interact_with_stonecutter":1,"minecraft:sleep_in_bed":15,"minecraft:time_since_rest":6600,"minecraft:waystone_activated":1,"minecraft:damage_taken":4264,"minecraft:damage_dealt":27038,"minecraft:swim_one_cm":13165,"minecraft:fly_one_cm":738495,"minecraft:open_chest":315,"minecraft:crouch_one_cm":27808,"minecraft:fall_one_cm":112350},"minecraft:picked_up":{"minecraft:crafting_table":5,"minecraft:iron_chestplate":3,"minecraft:wheat":8,"minecraft:oak_stairs":2,"minecraft:shield":1,"minecraft:string":1,"minecraft:iron_axe":1,"minecraft:poppy":18,"minecraft:sugar_cane":54,"minecraft:chest":4,"minecraft:birch_sapling":86,"minecraft:iron_boots":11,"minecraft:furnace":2,"minecraft:stick":120,"apotheosis:gem":2,"minecraft:arrow":3,"minecraft:rotten_flesh":32,"minecraft:hay_block":16,"botania:blue_mystical_flower":6,"biomesoplenty:fir_slab":2,"supplementaries:ash":1,"minecraft:cobblestone":123,"minecraft:white_wool":9,"minecraft:birch_log":215,"minecraft:birch_planks":53,"biomesoplenty:fir_sapling":176,"biomesoplenty:fir_log":439,"minecraft:flint":6,"minecraft:oak_log":14,"iceandfire:ectoplasm":1,"minecraft:yellow_bed":3,"biomesoplenty:fir_stairs":1,"scalinghealth:heart_crystal":1,"minecraft:dirt":421,"minecraft:bone":2,"minecraft:bow":1,"minecraft:wheat_seeds":24,"minecraft:bell":2,"minecraft:iron_ingot":87,"scalinghealth:power_crystal_shard":4,"minecraft:iron_sword":2,"minecraft:oak_planks":5,"scalinghealth:heart_crystal_shard":13,"minecraft:gravel":31,"minecraft:white_bed":5,"minecraft:mossy_cobblestone":1,"minecraft:slime_ball":2,"minecraft:granite":4,"minecraft:oak_sapling":2,"iceandfire:raw_silver":1,"minecraft:coal":37,"minecraft:hopper":2},"minecraft:killed_by":{"minecraft:iron_golem":2,"guardvillagers:guard":1},"minecraft:broken":{"minecraft:iron_shovel":1,"minecraft:stone_pickaxe":1,"minecraft:iron_axe":1,"minecraft:iron_sword":1},"minecraft:used":{"minecraft:iron_shovel":383,"minecraft:poppy":2,"minecraft:chest":14,"minecraft:shield":4,"minecraft:iron_sword":424,"minecraft:bell":2,"minecraft:stick":1,"minecraft:dirt":327,"scalinghealth:heart_crystal":1,"minecraft:hopper":14,"minecraft:granite":2,"minecraft:iron_axe":307,"minecraft:oak_stairs":1,"minecraft:bow":1,"minecraft:furnace":3,"minecraft:wheat_seeds":10,"minecraft:water_bucket":39,"minecraft:leather_leggings":2,"minecraft:birch_planks":64,"minecraft:stone_pickaxe":117,"minecraft:oak_planks":1,"minecraft:wooden_pickaxe":39,"minecraft:fletching_table":3,"farmersdelight:onion":2,"minecraft:crafting_table":5,"minecraft:blast_furnace":1,"minecraft:white_bed":6,"minecraft:oak_log":4,"waystones:waystone":1,"easy_villagers:villager":12,"minecraft:bread":48,"minecraft:iron_pickaxe":2,"biomesoplenty:fir_stairs":1,"minecraft:gravel":31,"minecraft:bucket":39,"minecraft:smooth_stone_slab":59,"minecraft:yellow_bed":4,"alexsmobs:animal_dictionary":5,"minecraft:smooth_stone":59},"minecraft:mined":{"minecraft:white_bed":5,"iceandfire:silver_ore":1,"minecraft:mossy_cobblestone":1,"gravestone:gravestone":3,"minecraft:granite":5,"minecraft:grass_block":161,"minecraft:hopper":2,"minecraft:hay_block":16,"minecraft:furnace":2,"treechop:chopped_log":37,"minecraft:bell":1,"supplementaries:stick":1,"minecraft:dirt_path":21,"minecraft:oak_stairs":2,"minecraft:stone":123,"minecraft:crafting_table":2,"minecraft:chest":4,"botania:blue_mystical_flower":6,"minecraft:sugar_cane":9,"minecraft:oak_planks":2,"minecraft:birch_planks":59,"minecraft:wheat":6,"biomesoplenty:fir_log":2,"minecraft:yellow_bed":3,"minecraft:grass":19,"biomesoplenty:clover":12,"minecraft:oak_log":4,"minecraft:coal_ore":17,"minecraft:gravel":37,"minecraft:dirt":215},"minecraft:crafted":{"minecraft:oak_planks":100,"minecraft:smooth_stone":6,"minecraft:smooth_stone_slab":126,"minecraft:furnace":2,"minecraft:blast_furnace":1,"minecraft:stone":8,"minecraft:hopper":12,"minecraft:diamond_helmet":1,"minecraft:diamond_leggings":3,"minecraft:iron_boots":16,"minecraft:iron_axe":2,"minecraft:stone_pickaxe":1,"minecraft:chest":23,"minecraft:diamond_boots":1,"minecraft:wheat":144,"minecraft:emerald":248,"minecraft:crafting_table":5,"minecraft:wooden_pickaxe":1,"minecraft:iron_helmet":12,"minecraft:iron_sword":1,"minecraft:fletching_table":3,"minecraft:bucket":1,"minecraft:birch_planks":380,"minecraft:bread":28,"minecraft:air":0,"biomesoplenty:fir_planks":3216,"minecraft:charcoal":17,"minecraft:stick":7199,"minecraft:iron_ingot":3,"minecraft:chainmail_boots":36,"minecraft:iron_pickaxe":1,"minecraft:iron_shovel":3,"minecraft:white_bed":3,"minecraft:shears":1,"minecraft:diamond_chestplate":1},"minecraft:dropped":{"minecraft:bread":4,"minecraft:iron_sword":1,"minecraft:birch_planks":17,"minecraft:wheat_seeds":15,"minecraft:diamond_leggings":1,"minecraft:apple":5,"minecraft:coal":8,"biomesoplenty:fir_sapling":52,"minecraft:dirt":44,"gravestone:obituary":3,"minecraft:iron_axe":2,"alexsmobs:animal_dictionary":1,"minecraft:wheat":2,"minecraft:birch_sapling":2,"minecraft:rotten_flesh":16,"minecraft:oak_planks":3,"minecraft:iron_boots":12,"enigmaticlegacy:cursed_ring":1,"patchouli:guide_book":2,"minecraft:poppy":15,"supplementaries:ash":1,"minecraft:slime_ball":2,"minecraft:wooden_pickaxe":1,"enigmaticlegacy:enigmatic_amulet":1},"minecraft:killed":{"minecraft:spider":1,"minecraft:skeleton":2,"minecraft:iron_golem":22,"minecraft:zombie":4,"minecraft:villager":3}},"DataVersion":3465}