{"stats":{"minecraft:custom":{"enigmaticlegacy:play_time_with_seven_curses":0,"lootr:looted_stat":10,"minecraft:interact_with_anvil":2,"minecraft:mob_kills":72,"minecraft:animals_bred":16,"minecraft:inspect_hopper":7,"minecraft:interact_with_crafting_table":68,"minecraft:open_barrel":4,"minecraft:bell_ring":3,"minecraft:damage_dealt_resisted":0,"minecraft:leave_game":4,"minecraft:time_since_death":157277,"minecraft:climb_one_cm":7948,"minecraft:damage_resisted":0,"minecraft:sprint_one_cm":943082,"minecraft:walk_one_cm":757214,"minecraft:damage_blocked_by_shield":2869,"minecraft:drop":124,"minecraft:talked_to_villager":81,"minecraft:play_time":335874,"minecraft:deaths":3,"minecraft:sneak_time":32660,"minecraft:walk_under_water_one_cm":4682,"minecraft:jump":6056,"minecraft:interact_with_brewingstand":1,"minecraft:interact_with_blast_furnace":2,"minecraft:walk_on_water_one_cm":56397,"minecraft:total_world_time":335874,"minecraft:interact_with_furnace":48,"enigmaticlegacy:play_time_without_seven_curses":335771,"minecraft:traded_with_villager":318,"minecraft:interact_with_stonecutter":1,"minecraft:sleep_in_bed":21,"minecraft:time_since_rest":7117,"minecraft:waystone_activated":2,"minecraft:damage_taken":7489,"minecraft:damage_dealt":41085,"minecraft:swim_one_cm":24400,"minecraft:fly_one_cm":1189591,"minecraft:open_chest":448,"minecraft:crouch_one_cm":98405,"minecraft:fall_one_cm":179801},"minecraft:picked_up":{"minecraft:crafting_table":5,"minecraft:iron_chestplate":3,"minecraft:wheat":8,"minecraft:leather_leggings":2,"minecraft:oak_stairs":2,"minecraft:shield":1,"minecraft:string":5,"minecraft:iron_axe":1,"minecraft:smooth_stone_slab":36,"minecraft:iron_leggings":1,"minecraft:beef":2,"minecraft:poppy":25,"minecraft:minecart":2,"minecraft:sugar_cane":54,"minecraft:chest":4,"minecraft:birch_sapling":97,"minecraft:iron_boots":11,"minecraft:furnace":2,"minecraft:stick":132,"apotheosis:gem":4,"minecraft:torch":2,"sophisticatedbackpacks:backpack":1,"minecraft:carrot":13,"minecraft:arrow":10,"minecraft:rotten_flesh":46,"minecraft:hay_block":16,"botania:blue_mystical_flower":6,"biomesoplenty:fir_slab":2,"supplementaries:ash":1,"minecraft:mutton":4,"minecraft:rail":32,"minecraft:cobblestone":123,"minecraft:white_wool":12,"minecraft:birch_log":234,"minecraft:furnace_minecart":1,"biomesoplenty:fir_sapling":176,"minecraft:birch_planks":56,"biomesoplenty:fir_log":439,"minecraft:flint":6,"minecraft:oak_log":14,"scalinghealth:bandages":4,"iceandfire:ectoplasm":1,"minecraft:yellow_bed":4,"biomesoplenty:fir_stairs":1,"scalinghealth:heart_crystal":3,"minecraft:dirt":685,"minecraft:bone":6,"minecraft:bow":1,"minecraft:wheat_seeds":25,"artifacts:whoopee_cushion":1,"minecraft:bell":2,"minecraft:iron_ingot":108,"scalinghealth:power_crystal_shard":4,"minecraft:gray_bed":5,"minecraft:iron_sword":2,"minecraft:oak_planks":5,"scalinghealth:heart_crystal_shard":19,"minecraft:gravel":31,"minecraft:white_bed":12,"minecraft:leather_helmet":1,"minecraft:mossy_cobblestone":1,"minecraft:slime_ball":2,"waystones:waystone":1,"minecraft:iron_helmet":1,"minecraft:granite":4,"alexsmobs:maggot":4,"minecraft:oak_sapling":2,"minecraft:hopper":2,"minecraft:coal":37,"iceandfire:raw_silver":1},"minecraft:killed_by":{"minecraft:iron_golem":2,"guardvillagers:guard":1},"minecraft:broken":{"minecraft:iron_shovel":1,"minecraft:stone_pickaxe":1,"minecraft:shield":1,"minecraft:iron_axe":1,"minecraft:iron_sword":2},"minecraft:used":{"minecraft:trident":21,"minecraft:iron_shovel":656,"minecraft:poppy":2,"minecraft:chest":14,"minecraft:shield":33,"minecraft:iron_sword":691,"minecraft:bell":2,"minecraft:stick":1,"minecraft:torch":5,"minecraft:dirt":646,"scalinghealth:heart_crystal":3,"minecraft:hopper":14,"minecraft:furnace_minecart":1,"minecraft:granite":2,"minecraft:glass":94,"minecraft:lava_bucket":2,"minecraft:iron_axe":340,"minecraft:oak_stairs":1,"minecraft:bow":1,"minecraft:furnace":3,"minecraft:minecart":2,"minecraft:cooked_beef":2,"minecraft:wheat_seeds":10,"minecraft:cooked_mutton":4,"minecraft:water_bucket":42,"minecraft:leather_leggings":2,"minecraft:birch_planks":64,"minecraft:stone_pickaxe":117,"minecraft:oak_planks":1,"minecraft:wooden_pickaxe":39,"minecraft:fletching_table":3,"minecraft:white_wool":1,"farmersdelight:onion":2,"minecraft:rail":40,"minecraft:birch_sign":9,"minecraft:crafting_table":6,"minecraft:blast_furnace":1,"minecraft:white_bed":15,"minecraft:oak_log":4,"waystones:waystone":1,"easy_villagers:villager":30,"minecraft:apple":11,"minecraft:bread":63,"minecraft:iron_pickaxe":92,"biomesoplenty:fir_stairs":1,"minecraft:gravel":31,"minecraft:bucket":45,"minecraft:smooth_stone_slab":264,"minecraft:yellow_bed":5,"alexsmobs:animal_dictionary":9,"minecraft:smooth_stone":64},"minecraft:mined":{"minecraft:white_bed":13,"iceandfire:silver_ore":1,"minecraft:mossy_cobblestone":1,"farmersdelight:wild_carrots":13,"gravestone:gravestone":3,"minecraft:granite":5,"minecraft:grass_block":198,"minecraft:hopper":2,"minecraft:hay_block":16,"minecraft:furnace":2,"treechop:chopped_log":40,"minecraft:bell":1,"supplementaries:stick":1,"minecraft:rail":14,"minecraft:dirt_path":21,"minecraft:oak_stairs":2,"minecraft:stone":123,"minecraft:white_wool":1,"minecraft:crafting_table":2,"minecraft:torch":1,"minecraft:chest":4,"minecraft:glass":25,"botania:blue_mystical_flower":6,"minecraft:sugar_cane":9,"minecraft:oak_planks":2,"minecraft:wall_torch":1,"minecraft:birch_planks":64,"minecraft:wheat":6,"minecraft:gray_bed":5,"minecraft:birch_leaves":1,"minecraft:smooth_stone_slab":75,"biomesoplenty:fir_log":2,"minecraft:yellow_bed":4,"minecraft:grass":22,"biomesoplenty:clover":23,"minecraft:oak_log":4,"minecraft:coal_ore":17,"minecraft:gravel":37,"minecraft:dirt":475,"minecraft:oak_leaves":7},"minecraft:crafted":{"minecraft:oak_planks":100,"minecraft:smooth_stone":6,"minecraft:smooth_stone_slab":240,"minecraft:furnace":3,"minecraft:blast_furnace":1,"minecraft:stone":8,"minecraft:hopper":12,"minecraft:diamond_helmet":1,"minecraft:diamond_leggings":3,"minecraft:iron_boots":16,"minecraft:iron_axe":2,"minecraft:stone_pickaxe":1,"minecraft:chest":23,"minecraft:diamond_boots":1,"minecraft:rail":32,"minecraft:birch_sign":9,"minecraft:minecart":2,"minecraft:wheat":144,"minecraft:furnace_minecart":1,"minecraft:emerald":248,"minecraft:crafting_table":6,"minecraft:wooden_pickaxe":1,"minecraft:iron_helmet":12,"minecraft:iron_sword":2,"minecraft:fletching_table":3,"minecraft:bucket":1,"minecraft:birch_planks":380,"minecraft:bread":34,"minecraft:air":0,"biomesoplenty:fir_planks":3216,"minecraft:charcoal":17,"minecraft:stick":7203,"minecraft:iron_ingot":3,"minecraft:chainmail_boots":36,"minecraft:iron_pickaxe":1,"minecraft:iron_shovel":4,"minecraft:white_bed":3,"minecraft:torch":4,"minecraft:shears":1,"minecraft:diamond_chestplate":1},"minecraft:dropped":{"minecraft:bread":4,"minecraft:iron_sword":1,"minecraft:birch_planks":17,"minecraft:wheat_seeds":16,"minecraft:diamond_leggings":1,"artifacts:whoopee_cushion":1,"minecraft:apple":5,"minecraft:coal":8,"biomesoplenty:fir_sapling":52,"minecraft:dirt":44,"minecraft:torch":1,"gravestone:obituary":3,"minecraft:iron_axe":2,"alexsmobs:animal_dictionary":1,"minecraft:birch_sapling":2,"minecraft:wheat":2,"minecraft:rotten_flesh":16,"minecraft:oak_planks":3,"minecraft:iron_boots":12,"enigmaticlegacy:cursed_ring":1,"patchouli:guide_book":2,"minecraft:poppy":17,"supplementaries:ash":1,"minecraft:leather_leggings":1,"minecraft:slime_ball":2,"minecraft:wooden_pickaxe":1,"enigmaticlegacy:enigmatic_amulet":1},"minecraft:killed":{"minecraft:spider":4,"minecraft:skeleton":8,"minecraft:bee":1,"minecraft:iron_golem":27,"minecraft:sheep":3,"minecraft:zombie":17,"eidolon:zombie_brute":1,"alexsmobs:fly":3,"minecraft:villager":3,"minecraft:cow":1}},"DataVersion":3465}