{"stats":{"minecraft:dropped":{"minecraft:bread":4,"minecraft:iron_sword":1,"minecraft:birch_planks":17,"minecraft:wheat_seeds":15,"minecraft:diamond_leggings":1,"minecraft:apple":5,"minecraft:coal":8,"biomesoplenty:fir_sapling":52,"gravestone:obituary":2,"minecraft:iron_axe":2,"alexsmobs:animal_dictionary":1,"minecraft:birch_sapling":2,"minecraft:rotten_flesh":16,"minecraft:oak_planks":3,"minecraft:iron_boots":12,"patchouli:guide_book":2,"enigmaticlegacy:cursed_ring":1,"minecraft:poppy":9,"supplementaries:ash":1,"minecraft:slime_ball":1,"minecraft:wooden_pickaxe":1,"enigmaticlegacy:enigmatic_amulet":1},"minecraft:picked_up":{"minecraft:crafting_table":2,"minecraft:iron_chestplate":3,"minecraft:wheat":5,"minecraft:oak_stairs":2,"minecraft:shield":1,"minecraft:string":1,"minecraft:iron_axe":1,"minecraft:poppy":7,"minecraft:sugar_cane":26,"minecraft:birch_sapling":86,"minecraft:iron_boots":11,"minecraft:furnace":2,"minecraft:stick":120,"apotheosis:gem":2,"minecraft:arrow":1,"minecraft:rotten_flesh":32,"minecraft:hay_block":16,"botania:blue_mystical_flower":6,"biomesoplenty:fir_slab":2,"supplementaries:ash":1,"minecraft:cobblestone":123,"minecraft:white_wool":9,"minecraft:birch_log":215,"biomesoplenty:fir_sapling":176,"biomesoplenty:fir_log":439,"minecraft:flint":6,"minecraft:oak_log":14,"iceandfire:ectoplasm":1,"minecraft:yellow_bed":3,"biomesoplenty:fir_stairs":1,"minecraft:dirt":295,"minecraft:bow":1,"minecraft:wheat_seeds":18,"minecraft:bell":2,"minecraft:iron_ingot":28,"scalinghealth:power_crystal_shard":3,"minecraft:oak_planks":5,"minecraft:iron_sword":2,"scalinghealth:heart_crystal_shard":13,"minecraft:gravel":31,"minecraft:white_bed":5,"minecraft:mossy_cobblestone":1,"minecraft:slime_ball":2,"minecraft:granite":4,"minecraft:oak_sapling":2,"minecraft:coal":37},"minecraft:custom":{"enigmaticlegacy:play_time_with_seven_curses":0,"lootr:looted_stat":5,"minecraft:mob_kills":17,"minecraft:animals_bred":4,"minecraft:inspect_hopper":5,"minecraft:interact_with_crafting_table":33,"minecraft:open_barrel":2,"minecraft:bell_ring":3,"minecraft:damage_dealt_resisted":0,"minecraft:leave_game":2,"minecraft:time_since_death":85314,"minecraft:climb_one_cm":2572,"minecraft:damage_resisted":0,"minecraft:sprint_one_cm":397966,"minecraft:walk_one_cm":374680,"minecraft:drop":69,"minecraft:talked_to_villager":78,"minecraft:play_time":132985,"minecraft:deaths":2,"minecraft:sneak_time":6872,"minecraft:walk_under_water_one_cm":2048,"minecraft:jump":2141,"minecraft:interact_with_brewingstand":1,"minecraft:interact_with_blast_furnace":2,"minecraft:walk_on_water_one_cm":3323,"minecraft:total_world_time":132985,"minecraft:interact_with_furnace":33,"enigmaticlegacy:play_time_without_seven_curses":132911,"minecraft:traded_with_villager":318,"minecraft:interact_with_stonecutter":1,"minecraft:sleep_in_bed":7,"minecraft:time_since_rest":4840,"minecraft:waystone_activated":1,"minecraft:damage_taken":2530,"minecraft:damage_dealt":9700,"minecraft:swim_one_cm":13165,"minecraft:fly_one_cm":366422,"minecraft:open_chest":194,"minecraft:crouch_one_cm":19296,"minecraft:fall_one_cm":60937},"minecraft:used":{"minecraft:iron_shovel":241,"minecraft:chest":4,"minecraft:iron_sword":174,"minecraft:bell":2,"minecraft:stick":1,"minecraft:dirt":269,"minecraft:hopper":3,"minecraft:granite":2,"minecraft:iron_axe":228,"minecraft:oak_stairs":1,"minecraft:bow":1,"minecraft:furnace":3,"minecraft:wheat_seeds":5,"minecraft:leather_leggings":2,"minecraft:stone_pickaxe":113,"minecraft:oak_planks":1,"minecraft:wooden_pickaxe":39,"minecraft:fletching_table":3,"farmersdelight:onion":2,"minecraft:crafting_table":5,"minecraft:blast_furnace":1,"minecraft:white_bed":6,"minecraft:oak_log":4,"waystones:waystone":1,"easy_villagers:villager":10,"minecraft:bread":28,"biomesoplenty:fir_stairs":1,"minecraft:gravel":31,"minecraft:yellow_bed":3,"alexsmobs:animal_dictionary":5},"minecraft:crafted":{"minecraft:oak_planks":100,"minecraft:smooth_stone":6,"minecraft:furnace":2,"minecraft:blast_furnace":1,"minecraft:stone":8,"minecraft:hopper":3,"minecraft:diamond_helmet":1,"minecraft:iron_boots":16,"minecraft:diamond_leggings":3,"minecraft:iron_axe":2,"minecraft:stone_pickaxe":1,"minecraft:chest":8,"minecraft:diamond_boots":1,"minecraft:wheat":144,"minecraft:emerald":248,"minecraft:crafting_table":5,"minecraft:wooden_pickaxe":1,"minecraft:iron_helmet":12,"minecraft:fletching_table":3,"minecraft:birch_planks":124,"minecraft:bread":28,"minecraft:air":0,"biomesoplenty:fir_planks":3216,"minecraft:charcoal":17,"minecraft:stick":7199,"minecraft:iron_ingot":3,"minecraft:chainmail_boots":36,"minecraft:iron_shovel":1,"minecraft:white_bed":3,"minecraft:shears":1,"minecraft:diamond_chestplate":1},"minecraft:killed":{"minecraft:spider":1,"minecraft:iron_golem":8,"minecraft:zombie":3,"minecraft:villager":3},"minecraft:killed_by":{"minecraft:iron_golem":2},"minecraft:mined":{"minecraft:white_bed":5,"minecraft:mossy_cobblestone":1,"gravestone:gravestone":2,"minecraft:granite":5,"minecraft:grass_block":133,"minecraft:hay_block":16,"minecraft:furnace":2,"treechop:chopped_log":37,"minecraft:bell":1,"supplementaries:stick":1,"minecraft:dirt_path":21,"minecraft:oak_stairs":2,"minecraft:stone":123,"minecraft:crafting_table":2,"botania:blue_mystical_flower":6,"minecraft:oak_planks":2,"minecraft:sugar_cane":5,"minecraft:wheat":5,"biomesoplenty:fir_log":2,"minecraft:yellow_bed":3,"minecraft:grass":14,"biomesoplenty:clover":10,"minecraft:oak_log":4,"minecraft:coal_ore":17,"minecraft:gravel":37,"minecraft:dirt":98}},"DataVersion":3465}