{"stats":{"minecraft:custom":{"enigmaticlegacy:play_time_with_seven_curses":0,"lootr:looted_stat":84,"minecraft:mob_kills":22,"minecraft:inspect_hopper":2,"minecraft:interact_with_crafting_table":41,"minecraft:open_barrel":3,"minecraft:damage_dealt_resisted":86,"minecraft:leave_game":3,"minecraft:time_since_death":6833,"minecraft:damage_resisted":0,"minecraft:climb_one_cm":7322,"minecraft:sprint_one_cm":530433,"minecraft:walk_one_cm":1843424,"minecraft:damage_blocked_by_shield":1110,"minecraft:drop":35,"minecraft:talked_to_villager":173,"minecraft:play_time":462498,"minecraft:deaths":5,"minecraft:sneak_time":2867,"minecraft:walk_under_water_one_cm":7799,"minecraft:jump":3908,"minecraft:interact_with_blast_furnace":1,"minecraft:walk_on_water_one_cm":30533,"minecraft:total_world_time":462498,"minecraft:interact_with_furnace":38,"minecraft:traded_with_villager":412,"enigmaticlegacy:play_time_without_seven_curses":461924,"minecraft:tune_noteblock":1,"minecraft:sleep_in_bed":37,"minecraft:waystone_activated":11,"minecraft:time_since_rest":5427,"minecraft:damage_taken":6361,"minecraft:damage_dealt":5299,"minecraft:swim_one_cm":103733,"minecraft:fly_one_cm":491108,"minecraft:open_chest":469,"minecraft:crouch_one_cm":976,"minecraft:fall_one_cm":99229},"minecraft:picked_up":{"biomesoplenty:redwood_log":74,"iceandfire:dragon_skull_lightning":2,"minecraft:crafting_table":2,"minecraft:allium":4,"minecraft:azure_bluet":1,"minecraft:chainmail_boots":1,"iceandfire:witherbone":2,"minecraft:smithing_table":1,"minecraft:stone_slab":2,"minecraft:wooden_pickaxe":1,"minecraft:gold_block":1,"minecraft:string":10,"minecraft:raw_copper":30,"minecraft:sea_pickle":3,"minecraft:gold_nugget":5,"minecraft:cobbled_deepslate":2,"minecraft:spruce_planks":7,"minecraft:poppy":2,"minecraft:iron_pickaxe":1,"biomesoplenty:redwood_wood":2001,"minecraft:sugar_cane":40,"minecraft:chest":3,"minecraft:birch_sapling":5,"alexsmobs:leafcutter_ant_chamber":6,"minecraft:furnace":3,"minecraft:stick":284,"minecraft:raw_iron":91,"iceandfire:dragonbone":34,"biomesoplenty:redwood_boat":2,"minecraft:composter":1,"minecraft:torch":3,"minecraft:cherry_log":79,"alexsmobs:leafcutter_ant_pupa":1,"easy_villagers:villager":10,"minecraft:tnt":18,"eidolon:tattered_cloth":4,"biomesoplenty:redwood_planks":27,"minecraft:arrow":3,"minecraft:rotten_flesh":16,"biomesoplenty:jacaranda_log":5,"minecraft:gold_ingot":5,"biomesoplenty:redwood_sapling":318,"minecraft:white_terracotta":4,"supplementaries:ash":1,"minecraft:iron_bars":2,"eidolon:wraith_heart":1,"minecraft:cobblestone":2508,"minecraft:birch_log":7,"minecraft:pink_petals":7,"minecraft:feather":4,"minecraft:cherry_planks":233,"minecraft:andesite":54,"minecraft:golden_leggings":1,"minecraft:lapis_lazuli":36,"biomesoplenty:fir_sapling":42,"minecraft:birch_planks":1,"biomesoplenty:fir_log":186,"minecraft:flint":8,"minecraft:smooth_sandstone_stairs":2,"minecraft:oak_log":14,"minecraft:lily_pad":4,"scalinghealth:bandages":1,"minecraft:golden_boots":1,"minecraft:yellow_bed":3,"scalinghealth:heart_crystal":1,"minecraft:dirt":1187,"botania:black_mystical_flower":2,"minecraft:name_tag":1,"minecraft:smooth_sandstone":13,"minecraft:bone":5,"minecraft:apple":4,"minecraft:raw_gold":1,"minecraft:stonecutter":1,"minecraft:wheat_seeds":8,"minecraft:grindstone":1,"minecraft:iron_ingot":1,"minecraft:cooked_chicken":1,"scalinghealth:power_crystal_shard":6,"minecraft:fletching_table":5,"minecraft:gray_bed":6,"minecraft:iron_sword":2,"minecraft:oak_planks":20,"iceandfire:chared_stone":11,"minecraft:book":48,"minecraft:oak_slab":1,"minecraft:birch_boat":4,"minecraft:stone_brick_slab":1,"minecraft:gravel":52,"minecraft:chiseled_sandstone":4,"minecraft:barrel":2,"iceandfire:chared_cobblestone":14,"travelersbackpack:standard":2,"minecraft:yellow_carpet":1,"waystones:waystone":13,"minecraft:crossbow":2,"minecraft:granite":2,"minecraft:cherry_sapling":90,"minecraft:emerald":41,"minecraft:bread":1,"scalinghealth:cursed_heart":1,"minecraft:oak_sapling":12,"minecraft:netherrack":3,"minecraft:coal":275,"iceandfire:raw_silver":1},"minecraft:killed_by":{"minecraft:drowned":1,"minecraft:zombie":1,"iceandfire:ghost":2},"minecraft:broken":{"aether:golden_gloves":1,"minecraft:iron_shovel":1,"minecraft:golden_shovel":1,"minecraft:stone_pickaxe":2,"minecraft:leather_boots":1,"minecraft:iron_pickaxe":7,"minecraft:stone_shovel":2},"minecraft:used":{"minecraft:iron_shovel":410,"minecraft:flint_and_steel":2,"biomesoplenty:redwood_planks":2,"minecraft:stone_shovel":274,"minecraft:chest":27,"minecraft:shield":15,"minecraft:iron_sword":123,"minecraft:torch":216,"minecraft:dirt":240,"scalinghealth:heart_crystal":1,"minecraft:golden_shovel":138,"minecraft:iron_axe":438,"biomesoplenty:redwood_boat":4,"minecraft:barrel":2,"minecraft:bow":22,"minecraft:furnace":8,"minecraft:gray_bed":5,"minecraft:golden_axe":30,"biomesoplenty:redwood_sapling":18,"minecraft:stone_pickaxe":230,"minecraft:wooden_pickaxe":28,"minecraft:birch_boat":3,"biomesoplenty:fir_planks":50,"biomesoplenty:fir_boat":1,"minecraft:fletching_table":6,"minecraft:oak_slab":16,"minecraft:crafting_table":11,"minecraft:blast_furnace":1,"waystones:waystone":7,"easy_villagers:villager":18,"minecraft:bread":36,"minecraft:iron_pickaxe":1935,"biomesoplenty:jacaranda_boat":1,"minecraft:gravel":2,"minecraft:stone_axe":124,"minecraft:cobblestone":317,"travelersbackpack:standard":2,"minecraft:grindstone":1,"minecraft:smithing_table":2,"minecraft:yellow_bed":3},"minecraft:mined":{"minecraft:spruce_planks":7,"iceandfire:silver_ore":1,"minecraft:glow_lichen":1,"gravestone:gravestone":5,"minecraft:granite":2,"biomesoplenty:bush":13,"minecraft:grass_block":446,"minecraft:yellow_carpet":3,"alexsmobs:leafcutter_ant_chamber":7,"minecraft:composter":1,"minecraft:cartography_table":1,"minecraft:furnace":3,"minecraft:barrel":2,"minecraft:chiseled_sandstone":4,"minecraft:andesite":54,"treechop:chopped_log":16,"minecraft:fletching_table":5,"minecraft:gold_block":1,"minecraft:bookshelf":13,"minecraft:dirt_path":3,"minecraft:vine":3,"minecraft:iron_bars":2,"minecraft:smooth_sandstone_stairs":2,"minecraft:stone":1910,"minecraft:spruce_slab":1,"iceandfire:chared_cobblestone":15,"minecraft:smithing_table":1,"minecraft:oak_slab":1,"minecraft:smoker":1,"minecraft:stone_brick_slab":1,"travelersbackpack:standard":1,"minecraft:smooth_sandstone":14,"minecraft:crafting_table":2,"minecraft:poppy":1,"minecraft:chest":1,"minecraft:lectern":1,"minecraft:stone_slab":1,"minecraft:copper_ore":6,"minecraft:cobblestone":29,"minecraft:oak_planks":4,"minecraft:grindstone":1,"minecraft:sugar_cane":10,"botania:black_mystical_flower":2,"minecraft:wall_torch":1,"minecraft:white_terracotta":2,"minecraft:seagrass":1,"minecraft:gray_bed":6,"minecraft:birch_leaves":12,"minecraft:tnt":18,"minecraft:yellow_bed":3,"minecraft:grass":31,"minecraft:oak_log":7,"minecraft:coal_ore":2,"minecraft:gravel":63,"minecraft:dirt":489,"minecraft:cobweb":10,"minecraft:stonecutter":1,"minecraft:stone_bricks":1,"minecraft:netherrack":17,"biomesoplenty:redwood_wood":53,"minecraft:oak_leaves":44,"minecraft:deepslate":2,"minecraft:fern":1,"iceandfire:chared_stone":12},"minecraft:crafted":{"minecraft:cherry_planks":296,"minecraft:chainmail_helmet":12,"minecraft:smooth_stone":6,"minecraft:oak_planks":56,"minecraft:stone_shovel":16,"minecraft:birch_boat":1,"minecraft:furnace":9,"minecraft:blast_furnace":1,"minecraft:stone":6,"minecraft:diamond_helmet":1,"minecraft:bow":1,"minecraft:iron_boots":11,"minecraft:iron_axe":25,"minecraft:stone_pickaxe":2,"minecraft:chest":24,"minecraft:oak_slab":30,"biomesoplenty:fir_boat":1,"minecraft:arrow":80,"minecraft:emerald":328,"biomesoplenty:jacaranda_planks":16,"minecraft:crafting_table":11,"biomesoplenty:jacaranda_boat":1,"biomesoplenty:redwood_planks":4836,"minecraft:wooden_pickaxe":1,"minecraft:smithing_table":1,"minecraft:fletching_table":2,"minecraft:birch_planks":28,"biomesoplenty:jacaranda_wood":3,"minecraft:stone_axe":13,"minecraft:air":0,"biomesoplenty:fir_planks":232,"biomesoplenty:redwood_boat":2,"minecraft:stick":9828,"minecraft:iron_ingot":69,"minecraft:iron_pickaxe":9,"minecraft:wooden_axe":1,"minecraft:iron_shovel":2,"minecraft:torch":416,"minecraft:diamond_chestplate":1},"minecraft:dropped":{"minecraft:bread":1,"minecraft:iron_sword":2,"minecraft:birch_planks":1,"minecraft:wheat_seeds":3,"minecraft:feather":2,"eidolon:tattered_cloth":1,"travelersbackpack:standard":1,"minecraft:coal":3,"minecraft:yellow_carpet":1,"biomesoplenty:fir_sapling":33,"minecraft:stick":2,"minecraft:dirt":9,"minecraft:map":1,"minecraft:fire_charge":1,"minecraft:iron_pickaxe":1,"minecraft:lily_pad":3,"iceandfire:dragonbone":4,"minecraft:stone_slab":2,"minecraft:name_tag":1,"minecraft:white_terracotta":4,"minecraft:wooden_pickaxe":2,"waystones:waystone":3},"minecraft:killed":{"minecraft:skeleton":4,"eidolon:wraith":4,"iceandfire:cockatrice":1,"minecraft:zombie":13}},"DataVersion":3465}