{"stats":{"minecraft:custom":{"enigmaticlegacy:play_time_with_seven_curses":0,"lootr:looted_stat":34,"minecraft:mob_kills":5,"minecraft:interact_with_crafting_table":25,"minecraft:open_barrel":3,"minecraft:leave_game":2,"minecraft:time_since_death":226325,"minecraft:climb_one_cm":5899,"minecraft:damage_resisted":0,"minecraft:sprint_one_cm":378872,"minecraft:walk_one_cm":1157409,"minecraft:damage_blocked_by_shield":306,"minecraft:drop":19,"minecraft:talked_to_villager":34,"minecraft:play_time":245469,"minecraft:deaths":3,"minecraft:sneak_time":1656,"minecraft:walk_under_water_one_cm":2411,"minecraft:jump":2327,"minecraft:walk_on_water_one_cm":12901,"minecraft:total_world_time":245469,"minecraft:interact_with_furnace":8,"enigmaticlegacy:play_time_without_seven_curses":245147,"minecraft:tune_noteblock":1,"minecraft:sleep_in_bed":23,"minecraft:time_since_rest":3636,"minecraft:waystone_activated":6,"minecraft:damage_taken":3369,"minecraft:damage_dealt":923,"minecraft:swim_one_cm":79908,"minecraft:fly_one_cm":313924,"minecraft:open_chest":135,"minecraft:crouch_one_cm":650,"minecraft:fall_one_cm":61408},"minecraft:picked_up":{"biomesoplenty:redwood_log":40,"minecraft:crafting_table":1,"minecraft:allium":4,"minecraft:azure_bluet":1,"minecraft:chainmail_boots":1,"minecraft:stone_slab":2,"minecraft:wooden_pickaxe":1,"minecraft:raw_copper":30,"minecraft:gold_nugget":5,"minecraft:spruce_planks":7,"biomesoplenty:redwood_wood":792,"minecraft:iron_pickaxe":1,"minecraft:chest":3,"minecraft:birch_sapling":5,"minecraft:furnace":2,"minecraft:stick":175,"minecraft:raw_iron":41,"minecraft:composter":1,"minecraft:cherry_log":79,"easy_villagers:villager":10,"minecraft:tnt":13,"eidolon:tattered_cloth":2,"minecraft:rotten_flesh":2,"minecraft:gold_ingot":5,"biomesoplenty:redwood_sapling":119,"minecraft:white_terracotta":4,"supplementaries:ash":1,"minecraft:cobblestone":2128,"minecraft:birch_log":7,"minecraft:pink_petals":7,"minecraft:feather":4,"minecraft:cherry_planks":233,"biomesoplenty:fir_sapling":33,"minecraft:birch_planks":1,"biomesoplenty:fir_log":160,"minecraft:flint":4,"minecraft:oak_log":6,"minecraft:yellow_bed":3,"minecraft:dirt":1050,"botania:black_mystical_flower":2,"minecraft:name_tag":1,"minecraft:bone":1,"minecraft:apple":4,"minecraft:stonecutter":1,"minecraft:wheat_seeds":6,"minecraft:grindstone":1,"scalinghealth:power_crystal_shard":6,"minecraft:fletching_table":4,"minecraft:gray_bed":6,"minecraft:oak_planks":16,"minecraft:iron_sword":1,"minecraft:book":33,"minecraft:oak_slab":1,"minecraft:birch_boat":4,"minecraft:gravel":13,"minecraft:barrel":2,"minecraft:yellow_carpet":1,"waystones:waystone":9,"minecraft:crossbow":2,"minecraft:cherry_sapling":90,"minecraft:emerald":2,"minecraft:bread":1,"scalinghealth:cursed_heart":1,"minecraft:oak_sapling":8,"minecraft:netherrack":3,"minecraft:coal":128},"minecraft:killed_by":{"minecraft:drowned":1,"iceandfire:ghost":2},"minecraft:broken":{"minecraft:iron_shovel":1,"minecraft:golden_shovel":1,"minecraft:stone_pickaxe":2,"minecraft:iron_pickaxe":6,"minecraft:stone_shovel":2},"minecraft:used":{"minecraft:iron_shovel":251,"minecraft:stone_shovel":274,"minecraft:chest":25,"minecraft:shield":6,"minecraft:iron_sword":18,"minecraft:torch":15,"minecraft:dirt":179,"minecraft:golden_shovel":138,"minecraft:iron_axe":167,"minecraft:barrel":2,"minecraft:furnace":1,"minecraft:gray_bed":5,"minecraft:golden_axe":30,"minecraft:stone_pickaxe":230,"biomesoplenty:redwood_sapling":5,"minecraft:wooden_pickaxe":28,"minecraft:birch_boat":3,"biomesoplenty:fir_planks":50,"minecraft:fletching_table":5,"minecraft:oak_slab":16,"minecraft:crafting_table":7,"waystones:waystone":3,"easy_villagers:villager":15,"minecraft:bread":31,"minecraft:iron_pickaxe":1409,"minecraft:stone_axe":118,"minecraft:cobblestone":297,"minecraft:yellow_bed":3},"minecraft:mined":{"minecraft:spruce_planks":7,"gravestone:gravestone":4,"biomesoplenty:bush":13,"minecraft:grass_block":338,"minecraft:yellow_carpet":3,"minecraft:cartography_table":1,"minecraft:composter":1,"minecraft:furnace":2,"minecraft:barrel":2,"treechop:chopped_log":10,"minecraft:fletching_table":4,"minecraft:bookshelf":8,"minecraft:vine":1,"minecraft:dirt_path":2,"minecraft:stone":1531,"minecraft:spruce_slab":1,"minecraft:oak_slab":1,"minecraft:smoker":1,"minecraft:crafting_table":1,"minecraft:chest":1,"minecraft:lectern":1,"minecraft:stone_slab":1,"minecraft:copper_ore":6,"minecraft:cobblestone":24,"minecraft:grindstone":1,"botania:black_mystical_flower":2,"minecraft:seagrass":1,"minecraft:white_terracotta":2,"minecraft:gray_bed":6,"minecraft:birch_leaves":12,"minecraft:tnt":12,"minecraft:yellow_bed":3,"minecraft:grass":26,"minecraft:oak_log":7,"minecraft:coal_ore":1,"minecraft:gravel":12,"minecraft:dirt":467,"minecraft:stonecutter":1,"minecraft:stone_bricks":1,"minecraft:netherrack":17,"biomesoplenty:redwood_wood":36,"minecraft:oak_leaves":39,"minecraft:fern":1},"minecraft:crafted":{"minecraft:cherry_planks":296,"minecraft:oak_planks":24,"minecraft:stone_shovel":2,"minecraft:birch_boat":1,"minecraft:furnace":1,"minecraft:iron_axe":2,"minecraft:stone_pickaxe":2,"minecraft:chest":22,"minecraft:oak_slab":30,"minecraft:crafting_table":7,"minecraft:wooden_pickaxe":1,"minecraft:fletching_table":1,"minecraft:birch_planks":28,"minecraft:stone_axe":1,"biomesoplenty:fir_planks":128,"minecraft:stick":24,"minecraft:iron_ingot":15,"minecraft:iron_pickaxe":5,"minecraft:wooden_axe":1,"minecraft:iron_shovel":1,"minecraft:torch":52},"minecraft:dropped":{"minecraft:bread":1,"minecraft:iron_sword":1,"minecraft:birch_planks":1,"minecraft:wheat_seeds":2,"minecraft:feather":2,"eidolon:tattered_cloth":1,"minecraft:yellow_carpet":1,"minecraft:coal":3,"biomesoplenty:fir_sapling":33,"minecraft:map":1,"minecraft:fire_charge":1,"minecraft:iron_pickaxe":1,"minecraft:name_tag":1,"minecraft:stone_slab":2,"minecraft:white_terracotta":4,"minecraft:wooden_pickaxe":2,"waystones:waystone":1},"minecraft:killed":{"minecraft:skeleton":1,"eidolon:wraith":2,"minecraft:zombie":2}},"DataVersion":3465}