{"stats":{"minecraft:custom":{"enigmaticlegacy:play_time_with_seven_curses":0,"lootr:looted_stat":34,"minecraft:mob_kills":5,"minecraft:interact_with_crafting_table":28,"minecraft:open_barrel":3,"minecraft:leave_game":2,"minecraft:time_since_death":238325,"minecraft:climb_one_cm":6287,"minecraft:damage_resisted":0,"minecraft:sprint_one_cm":379141,"minecraft:walk_one_cm":1180564,"minecraft:damage_blocked_by_shield":306,"minecraft:drop":20,"minecraft:talked_to_villager":34,"minecraft:play_time":257469,"minecraft:deaths":3,"minecraft:sneak_time":1693,"minecraft:walk_under_water_one_cm":3177,"minecraft:jump":2384,"minecraft:walk_on_water_one_cm":13690,"minecraft:total_world_time":257469,"minecraft:interact_with_furnace":8,"enigmaticlegacy:play_time_without_seven_curses":257147,"minecraft:tune_noteblock":1,"minecraft:sleep_in_bed":24,"minecraft:time_since_rest":1966,"minecraft:waystone_activated":7,"minecraft:damage_taken":3398,"minecraft:damage_dealt":923,"minecraft:swim_one_cm":81360,"minecraft:fly_one_cm":316237,"minecraft:open_chest":139,"minecraft:crouch_one_cm":756,"minecraft:fall_one_cm":62722},"minecraft:picked_up":{"iceandfire:dragon_skull_lightning":1,"biomesoplenty:redwood_log":40,"minecraft:crafting_table":1,"minecraft:allium":4,"minecraft:azure_bluet":1,"minecraft:chainmail_boots":1,"minecraft:stone_slab":2,"minecraft:wooden_pickaxe":1,"minecraft:raw_copper":30,"minecraft:gold_nugget":5,"minecraft:spruce_planks":7,"minecraft:poppy":2,"biomesoplenty:redwood_wood":792,"minecraft:iron_pickaxe":1,"minecraft:chest":3,"minecraft:birch_sapling":5,"alexsmobs:leafcutter_ant_chamber":6,"minecraft:furnace":2,"minecraft:stick":177,"minecraft:raw_iron":41,"iceandfire:dragonbone":11,"biomesoplenty:redwood_boat":1,"minecraft:composter":1,"minecraft:cherry_log":79,"alexsmobs:leafcutter_ant_pupa":1,"easy_villagers:villager":10,"minecraft:tnt":13,"eidolon:tattered_cloth":2,"minecraft:rotten_flesh":2,"minecraft:gold_ingot":5,"biomesoplenty:redwood_sapling":119,"minecraft:white_terracotta":4,"supplementaries:ash":1,"minecraft:cobblestone":2128,"minecraft:birch_log":7,"minecraft:pink_petals":7,"minecraft:feather":4,"minecraft:cherry_planks":233,"biomesoplenty:fir_sapling":33,"minecraft:birch_planks":1,"biomesoplenty:fir_log":160,"minecraft:flint":4,"minecraft:oak_log":14,"minecraft:lily_pad":1,"minecraft:yellow_bed":3,"minecraft:dirt":1063,"botania:black_mystical_flower":2,"minecraft:name_tag":1,"minecraft:bone":1,"minecraft:apple":4,"minecraft:stonecutter":1,"minecraft:wheat_seeds":7,"minecraft:grindstone":1,"scalinghealth:power_crystal_shard":6,"minecraft:fletching_table":4,"minecraft:gray_bed":6,"minecraft:oak_planks":16,"minecraft:iron_sword":1,"minecraft:book":33,"minecraft:oak_slab":1,"minecraft:birch_boat":4,"minecraft:gravel":13,"minecraft:barrel":2,"minecraft:yellow_carpet":1,"waystones:waystone":12,"minecraft:crossbow":2,"minecraft:cherry_sapling":90,"minecraft:emerald":2,"minecraft:bread":1,"scalinghealth:cursed_heart":1,"minecraft:oak_sapling":12,"minecraft:netherrack":3,"minecraft:coal":128},"minecraft:killed_by":{"minecraft:drowned":1,"iceandfire:ghost":2},"minecraft:broken":{"minecraft:iron_shovel":1,"minecraft:golden_shovel":1,"minecraft:stone_pickaxe":2,"minecraft:iron_pickaxe":6,"minecraft:stone_shovel":2},"minecraft:used":{"minecraft:iron_shovel":251,"minecraft:stone_shovel":274,"minecraft:chest":25,"minecraft:shield":6,"minecraft:iron_sword":18,"minecraft:torch":15,"minecraft:dirt":179,"minecraft:golden_shovel":138,"minecraft:iron_axe":186,"biomesoplenty:redwood_boat":2,"minecraft:barrel":2,"minecraft:furnace":1,"minecraft:gray_bed":5,"minecraft:golden_axe":30,"minecraft:stone_pickaxe":230,"biomesoplenty:redwood_sapling":5,"minecraft:wooden_pickaxe":28,"minecraft:birch_boat":3,"biomesoplenty:fir_planks":50,"minecraft:fletching_table":5,"minecraft:oak_slab":16,"minecraft:crafting_table":8,"waystones:waystone":4,"easy_villagers:villager":15,"minecraft:bread":31,"minecraft:iron_pickaxe":1415,"minecraft:stone_axe":119,"minecraft:cobblestone":297,"minecraft:yellow_bed":3},"minecraft:mined":{"minecraft:spruce_planks":7,"gravestone:gravestone":4,"biomesoplenty:bush":13,"minecraft:grass_block":349,"minecraft:yellow_carpet":3,"alexsmobs:leafcutter_ant_chamber":7,"minecraft:cartography_table":1,"minecraft:composter":1,"minecraft:furnace":2,"minecraft:barrel":2,"treechop:chopped_log":11,"minecraft:fletching_table":4,"minecraft:bookshelf":8,"minecraft:vine":1,"minecraft:dirt_path":2,"minecraft:stone":1531,"minecraft:spruce_slab":1,"minecraft:oak_slab":1,"minecraft:smoker":1,"minecraft:crafting_table":1,"minecraft:poppy":1,"minecraft:chest":1,"minecraft:lectern":1,"minecraft:stone_slab":1,"minecraft:copper_ore":6,"minecraft:cobblestone":24,"minecraft:grindstone":1,"botania:black_mystical_flower":2,"minecraft:seagrass":1,"minecraft:white_terracotta":2,"minecraft:gray_bed":6,"minecraft:birch_leaves":12,"minecraft:tnt":12,"minecraft:yellow_bed":3,"minecraft:grass":26,"minecraft:oak_log":7,"minecraft:coal_ore":1,"minecraft:gravel":12,"minecraft:dirt":469,"minecraft:stonecutter":1,"minecraft:stone_bricks":1,"minecraft:netherrack":17,"biomesoplenty:redwood_wood":36,"minecraft:oak_leaves":40,"minecraft:fern":1},"minecraft:crafted":{"minecraft:cherry_planks":296,"minecraft:oak_planks":24,"minecraft:stone_shovel":2,"minecraft:birch_boat":1,"minecraft:furnace":1,"minecraft:iron_axe":2,"minecraft:stone_pickaxe":2,"minecraft:chest":22,"minecraft:oak_slab":30,"minecraft:crafting_table":8,"biomesoplenty:redwood_planks":260,"minecraft:wooden_pickaxe":1,"minecraft:fletching_table":1,"minecraft:birch_planks":28,"minecraft:stone_axe":1,"biomesoplenty:fir_planks":128,"biomesoplenty:redwood_boat":1,"minecraft:stick":24,"minecraft:iron_ingot":15,"minecraft:iron_pickaxe":5,"minecraft:wooden_axe":1,"minecraft:iron_shovel":2,"minecraft:torch":52},"minecraft:dropped":{"minecraft:bread":1,"minecraft:iron_sword":1,"minecraft:birch_planks":1,"minecraft:wheat_seeds":2,"minecraft:feather":2,"eidolon:tattered_cloth":1,"minecraft:yellow_carpet":1,"minecraft:coal":3,"biomesoplenty:fir_sapling":33,"minecraft:map":1,"minecraft:fire_charge":1,"minecraft:iron_pickaxe":1,"minecraft:name_tag":1,"minecraft:stone_slab":2,"minecraft:white_terracotta":4,"minecraft:wooden_pickaxe":2,"waystones:waystone":2},"minecraft:killed":{"minecraft:skeleton":1,"eidolon:wraith":2,"minecraft:zombie":2}},"DataVersion":3465}