{"stats":{"minecraft:dropped":{"minecraft:bread":1,"minecraft:iron_sword":1,"minecraft:birch_planks":1,"minecraft:wheat_seeds":2,"eidolon:tattered_cloth":1,"minecraft:yellow_carpet":1,"minecraft:coal":3,"biomesoplenty:fir_sapling":33,"minecraft:map":1,"minecraft:fire_charge":1,"minecraft:iron_pickaxe":1,"minecraft:stone_slab":2,"minecraft:white_terracotta":4,"minecraft:wooden_pickaxe":2,"waystones:waystone":1},"minecraft:broken":{"minecraft:iron_shovel":1,"minecraft:golden_shovel":1,"minecraft:stone_pickaxe":2,"minecraft:iron_pickaxe":5,"minecraft:stone_shovel":2},"minecraft:picked_up":{"minecraft:allium":2,"minecraft:azure_bluet":1,"minecraft:chainmail_boots":1,"minecraft:stone_slab":2,"minecraft:wooden_pickaxe":1,"minecraft:raw_copper":26,"minecraft:gold_nugget":5,"minecraft:spruce_planks":4,"minecraft:iron_pickaxe":1,"minecraft:birch_sapling":5,"minecraft:furnace":2,"minecraft:raw_iron":22,"minecraft:stick":72,"minecraft:composter":1,"minecraft:cherry_log":79,"eidolon:tattered_cloth":2,"minecraft:tnt":9,"easy_villagers:villager":8,"minecraft:rotten_flesh":2,"minecraft:gold_ingot":5,"minecraft:white_terracotta":4,"supplementaries:ash":1,"minecraft:cobblestone":1422,"minecraft:birch_log":7,"minecraft:feather":2,"minecraft:cherry_planks":233,"minecraft:birch_planks":1,"biomesoplenty:fir_sapling":33,"biomesoplenty:fir_log":160,"minecraft:flint":2,"minecraft:oak_log":6,"minecraft:yellow_bed":3,"minecraft:dirt":752,"botania:black_mystical_flower":2,"minecraft:name_tag":1,"minecraft:bone":1,"minecraft:apple":2,"minecraft:stonecutter":1,"minecraft:wheat_seeds":6,"minecraft:grindstone":1,"minecraft:fletching_table":1,"minecraft:gray_bed":6,"minecraft:iron_sword":1,"minecraft:oak_planks":16,"minecraft:book":33,"minecraft:birch_boat":4,"minecraft:gravel":6,"minecraft:barrel":2,"minecraft:yellow_carpet":1,"waystones:waystone":6,"minecraft:crossbow":2,"minecraft:cherry_sapling":90,"scalinghealth:cursed_heart":1,"minecraft:bread":1,"minecraft:emerald":2,"minecraft:oak_sapling":4,"minecraft:coal":83},"minecraft:custom":{"enigmaticlegacy:play_time_with_seven_curses":0,"lootr:looted_stat":30,"minecraft:mob_kills":4,"minecraft:interact_with_crafting_table":20,"minecraft:open_barrel":3,"minecraft:leave_game":1,"minecraft:time_since_death":179634,"minecraft:climb_one_cm":5899,"minecraft:damage_resisted":0,"minecraft:sprint_one_cm":337638,"minecraft:walk_one_cm":861345,"minecraft:damage_blocked_by_shield":306,"minecraft:drop":17,"minecraft:talked_to_villager":10,"minecraft:play_time":198778,"minecraft:deaths":3,"minecraft:sneak_time":1296,"minecraft:walk_under_water_one_cm":2411,"minecraft:jump":1917,"minecraft:walk_on_water_one_cm":12136,"minecraft:total_world_time":198778,"minecraft:interact_with_furnace":8,"enigmaticlegacy:play_time_without_seven_curses":198456,"minecraft:tune_noteblock":1,"minecraft:sleep_in_bed":17,"minecraft:time_since_rest":15395,"minecraft:waystone_activated":2,"minecraft:damage_taken":2888,"minecraft:damage_dealt":907,"minecraft:swim_one_cm":79908,"minecraft:fly_one_cm":276559,"minecraft:open_chest":50,"minecraft:crouch_one_cm":650,"minecraft:fall_one_cm":56037},"minecraft:used":{"minecraft:iron_shovel":251,"minecraft:stone_shovel":274,"minecraft:chest":7,"minecraft:shield":6,"minecraft:iron_sword":17,"minecraft:torch":12,"minecraft:dirt":177,"minecraft:golden_shovel":138,"minecraft:barrel":2,"minecraft:furnace":1,"minecraft:gray_bed":5,"minecraft:golden_axe":30,"minecraft:stone_pickaxe":230,"minecraft:birch_boat":3,"minecraft:wooden_pickaxe":28,"biomesoplenty:fir_planks":50,"minecraft:crafting_table":6,"waystones:waystone":1,"easy_villagers:villager":8,"minecraft:bread":28,"minecraft:iron_pickaxe":1343,"minecraft:stone_axe":103,"minecraft:cobblestone":243,"minecraft:yellow_bed":3},"minecraft:crafted":{"minecraft:cherry_planks":296,"minecraft:oak_planks":24,"minecraft:stone_shovel":2,"minecraft:birch_boat":1,"minecraft:furnace":1,"minecraft:stone_pickaxe":2,"minecraft:chest":7,"minecraft:crafting_table":6,"minecraft:wooden_pickaxe":1,"minecraft:birch_planks":28,"minecraft:stone_axe":1,"biomesoplenty:fir_planks":128,"minecraft:stick":24,"minecraft:iron_ingot":15,"minecraft:iron_pickaxe":4,"minecraft:wooden_axe":1,"minecraft:iron_shovel":1,"minecraft:torch":52},"minecraft:killed":{"minecraft:skeleton":1,"eidolon:wraith":1,"minecraft:zombie":2},"minecraft:killed_by":{"minecraft:drowned":1,"iceandfire:ghost":2},"minecraft:mined":{"minecraft:spruce_planks":4,"gravestone:gravestone":4,"biomesoplenty:bush":13,"minecraft:grass_block":325,"minecraft:yellow_carpet":3,"minecraft:cartography_table":1,"minecraft:composter":1,"minecraft:furnace":2,"minecraft:barrel":2,"treechop:chopped_log":7,"minecraft:fletching_table":1,"minecraft:bookshelf":8,"minecraft:dirt_path":2,"minecraft:vine":1,"minecraft:stone":1502,"minecraft:spruce_slab":1,"minecraft:smoker":1,"minecraft:lectern":1,"minecraft:stone_slab":1,"minecraft:copper_ore":5,"minecraft:cobblestone":20,"minecraft:grindstone":1,"botania:black_mystical_flower":2,"minecraft:seagrass":1,"minecraft:white_terracotta":2,"minecraft:gray_bed":6,"minecraft:birch_leaves":12,"minecraft:tnt":6,"minecraft:yellow_bed":3,"minecraft:grass":26,"minecraft:oak_log":7,"minecraft:coal_ore":1,"minecraft:gravel":11,"minecraft:dirt":449,"minecraft:stone_bricks":1,"minecraft:stonecutter":1,"minecraft:oak_leaves":35}},"DataVersion":3465}