{"stats":{"minecraft:dropped":{"minecraft:bread":1,"minecraft:iron_sword":1,"minecraft:birch_planks":1,"minecraft:wheat_seeds":2,"minecraft:feather":2,"eidolon:tattered_cloth":1,"minecraft:yellow_carpet":1,"minecraft:coal":3,"biomesoplenty:fir_sapling":33,"minecraft:map":1,"minecraft:fire_charge":1,"minecraft:iron_pickaxe":1,"minecraft:stone_slab":2,"minecraft:name_tag":1,"minecraft:white_terracotta":4,"minecraft:wooden_pickaxe":2,"waystones:waystone":1},"minecraft:broken":{"minecraft:iron_shovel":1,"minecraft:golden_shovel":1,"minecraft:stone_pickaxe":2,"minecraft:iron_pickaxe":5,"minecraft:stone_shovel":2},"minecraft:picked_up":{"minecraft:crafting_table":1,"minecraft:allium":4,"minecraft:azure_bluet":1,"minecraft:chainmail_boots":1,"minecraft:stone_slab":2,"minecraft:wooden_pickaxe":1,"minecraft:raw_copper":30,"minecraft:gold_nugget":5,"minecraft:spruce_planks":4,"minecraft:iron_pickaxe":1,"minecraft:chest":3,"minecraft:birch_sapling":5,"minecraft:furnace":2,"minecraft:raw_iron":22,"minecraft:stick":72,"minecraft:composter":1,"minecraft:cherry_log":79,"eidolon:tattered_cloth":2,"minecraft:tnt":9,"easy_villagers:villager":10,"minecraft:rotten_flesh":2,"minecraft:gold_ingot":5,"minecraft:white_terracotta":4,"supplementaries:ash":1,"minecraft:cobblestone":2122,"minecraft:birch_log":7,"minecraft:feather":4,"minecraft:cherry_planks":233,"minecraft:birch_planks":1,"biomesoplenty:fir_sapling":33,"biomesoplenty:fir_log":160,"minecraft:flint":4,"minecraft:oak_log":6,"minecraft:yellow_bed":3,"minecraft:dirt":1041,"botania:black_mystical_flower":2,"minecraft:name_tag":1,"minecraft:bone":1,"minecraft:apple":4,"minecraft:stonecutter":1,"minecraft:wheat_seeds":6,"minecraft:grindstone":1,"scalinghealth:power_crystal_shard":6,"minecraft:fletching_table":4,"minecraft:gray_bed":6,"minecraft:iron_sword":1,"minecraft:oak_planks":16,"minecraft:book":33,"minecraft:oak_slab":1,"minecraft:birch_boat":4,"minecraft:gravel":12,"minecraft:barrel":2,"minecraft:yellow_carpet":1,"waystones:waystone":7,"minecraft:crossbow":2,"minecraft:cherry_sapling":90,"scalinghealth:cursed_heart":1,"minecraft:bread":1,"minecraft:emerald":2,"minecraft:oak_sapling":8,"minecraft:coal":83},"minecraft:custom":{"enigmaticlegacy:play_time_with_seven_curses":0,"lootr:looted_stat":30,"minecraft:mob_kills":5,"minecraft:interact_with_crafting_table":23,"minecraft:open_barrel":3,"minecraft:leave_game":2,"minecraft:time_since_death":194971,"minecraft:climb_one_cm":5899,"minecraft:damage_resisted":0,"minecraft:sprint_one_cm":339109,"minecraft:walk_one_cm":947041,"minecraft:damage_blocked_by_shield":306,"minecraft:drop":19,"minecraft:talked_to_villager":32,"minecraft:play_time":214115,"minecraft:deaths":3,"minecraft:sneak_time":1296,"minecraft:walk_under_water_one_cm":2411,"minecraft:jump":1961,"minecraft:walk_on_water_one_cm":12136,"minecraft:total_world_time":214115,"minecraft:interact_with_furnace":8,"enigmaticlegacy:play_time_without_seven_curses":213793,"minecraft:tune_noteblock":1,"minecraft:sleep_in_bed":20,"minecraft:time_since_rest":0,"minecraft:waystone_activated":3,"minecraft:damage_taken":3086,"minecraft:damage_dealt":923,"minecraft:swim_one_cm":79908,"minecraft:fly_one_cm":278149,"minecraft:open_chest":104,"minecraft:crouch_one_cm":650,"minecraft:fall_one_cm":56246},"minecraft:used":{"minecraft:iron_shovel":251,"minecraft:stone_shovel":274,"minecraft:chest":25,"minecraft:shield":6,"minecraft:iron_sword":18,"minecraft:torch":15,"minecraft:dirt":177,"minecraft:golden_shovel":138,"minecraft:barrel":2,"minecraft:furnace":1,"minecraft:gray_bed":5,"minecraft:golden_axe":30,"minecraft:stone_pickaxe":230,"minecraft:birch_boat":3,"minecraft:wooden_pickaxe":28,"biomesoplenty:fir_planks":50,"minecraft:fletching_table":5,"minecraft:oak_slab":16,"minecraft:crafting_table":7,"waystones:waystone":2,"easy_villagers:villager":15,"minecraft:bread":29,"minecraft:iron_pickaxe":1372,"minecraft:stone_axe":109,"minecraft:cobblestone":297,"minecraft:yellow_bed":3},"minecraft:crafted":{"minecraft:cherry_planks":296,"minecraft:oak_planks":24,"minecraft:stone_shovel":2,"minecraft:birch_boat":1,"minecraft:furnace":1,"minecraft:stone_pickaxe":2,"minecraft:chest":22,"minecraft:oak_slab":30,"minecraft:crafting_table":7,"minecraft:wooden_pickaxe":1,"minecraft:fletching_table":1,"minecraft:birch_planks":28,"minecraft:stone_axe":1,"biomesoplenty:fir_planks":128,"minecraft:stick":24,"minecraft:iron_ingot":15,"minecraft:iron_pickaxe":4,"minecraft:wooden_axe":1,"minecraft:iron_shovel":1,"minecraft:torch":52},"minecraft:killed":{"minecraft:skeleton":1,"eidolon:wraith":2,"minecraft:zombie":2},"minecraft:killed_by":{"minecraft:drowned":1,"iceandfire:ghost":2},"minecraft:mined":{"minecraft:spruce_planks":4,"gravestone:gravestone":4,"biomesoplenty:bush":13,"minecraft:grass_block":330,"minecraft:yellow_carpet":3,"minecraft:cartography_table":1,"minecraft:composter":1,"minecraft:furnace":2,"minecraft:barrel":2,"treechop:chopped_log":7,"minecraft:fletching_table":4,"minecraft:bookshelf":8,"minecraft:dirt_path":2,"minecraft:vine":1,"minecraft:stone":1526,"minecraft:spruce_slab":1,"minecraft:oak_slab":1,"minecraft:smoker":1,"minecraft:crafting_table":1,"minecraft:chest":1,"minecraft:lectern":1,"minecraft:stone_slab":1,"minecraft:copper_ore":6,"minecraft:cobblestone":23,"minecraft:grindstone":1,"botania:black_mystical_flower":2,"minecraft:seagrass":1,"minecraft:white_terracotta":2,"minecraft:gray_bed":6,"minecraft:birch_leaves":12,"minecraft:tnt":6,"minecraft:yellow_bed":3,"minecraft:grass":26,"minecraft:oak_log":7,"minecraft:coal_ore":1,"minecraft:gravel":11,"minecraft:dirt":466,"minecraft:stone_bricks":1,"minecraft:stonecutter":1,"minecraft:oak_leaves":35}},"DataVersion":3465}