{"stats":{"minecraft:dropped":{"minecraft:bread":1,"minecraft:iron_sword":1,"minecraft:birch_planks":1,"minecraft:wheat_seeds":2,"eidolon:tattered_cloth":1,"minecraft:stone_slab":2,"minecraft:white_terracotta":4,"minecraft:coal":3,"minecraft:yellow_carpet":1,"biomesoplenty:fir_sapling":33,"minecraft:map":1,"minecraft:fire_charge":1,"waystones:waystone":1,"minecraft:wooden_pickaxe":2,"minecraft:iron_pickaxe":1},"minecraft:custom":{"enigmaticlegacy:play_time_with_seven_curses":0,"minecraft:interact_with_furnace":4,"lootr:looted_stat":30,"minecraft:mob_kills":2,"enigmaticlegacy:play_time_without_seven_curses":162456,"minecraft:interact_with_crafting_table":15,"minecraft:tune_noteblock":1,"minecraft:open_barrel":3,"minecraft:leave_game":1,"minecraft:time_since_death":143634,"minecraft:climb_one_cm":5899,"minecraft:sleep_in_bed":14,"minecraft:waystone_activated":2,"minecraft:time_since_rest":11002,"minecraft:sprint_one_cm":334559,"minecraft:damage_taken":2616,"minecraft:walk_one_cm":707610,"minecraft:damage_blocked_by_shield":66,"minecraft:drop":17,"minecraft:damage_dealt":601,"minecraft:swim_one_cm":79908,"minecraft:fly_one_cm":273378,"minecraft:talked_to_villager":10,"minecraft:open_chest":33,"minecraft:crouch_one_cm":650,"minecraft:play_time":162778,"minecraft:deaths":3,"minecraft:sneak_time":1245,"minecraft:walk_under_water_one_cm":2411,"minecraft:jump":1816,"minecraft:walk_on_water_one_cm":12136,"minecraft:total_world_time":162778,"minecraft:fall_one_cm":55224},"minecraft:picked_up":{"minecraft:birch_log":7,"minecraft:allium":2,"minecraft:azure_bluet":1,"minecraft:stone_slab":2,"minecraft:wooden_pickaxe":1,"biomesoplenty:fir_sapling":33,"minecraft:birch_planks":1,"biomesoplenty:fir_log":160,"minecraft:flint":2,"minecraft:oak_log":1,"minecraft:yellow_bed":2,"minecraft:dirt":468,"botania:black_mystical_flower":2,"minecraft:stonecutter":1,"minecraft:wheat_seeds":5,"minecraft:spruce_planks":4,"minecraft:grindstone":1,"minecraft:fletching_table":1,"minecraft:iron_pickaxe":1,"minecraft:gray_bed":6,"minecraft:iron_sword":1,"minecraft:birch_sapling":5,"minecraft:furnace":2,"minecraft:book":21,"minecraft:stick":49,"minecraft:raw_iron":15,"minecraft:birch_boat":3,"minecraft:composter":1,"minecraft:gravel":6,"minecraft:cherry_log":21,"minecraft:barrel":2,"minecraft:tnt":6,"eidolon:tattered_cloth":2,"minecraft:yellow_carpet":1,"waystones:waystone":5,"minecraft:crossbow":2,"minecraft:cherry_sapling":15,"minecraft:bread":1,"scalinghealth:cursed_heart":1,"minecraft:white_terracotta":4,"supplementaries:ash":1,"minecraft:coal":83,"minecraft:cobblestone":665},"minecraft:broken":{"minecraft:stone_pickaxe":1,"minecraft:iron_pickaxe":2,"minecraft:golden_shovel":1,"minecraft:stone_shovel":1},"minecraft:used":{"minecraft:iron_shovel":2,"minecraft:stone_shovel":235,"minecraft:stone_pickaxe":158,"minecraft:shield":2,"minecraft:wooden_pickaxe":28,"minecraft:chest":4,"minecraft:birch_boat":3,"minecraft:iron_sword":11,"biomesoplenty:fir_planks":50,"minecraft:dirt":177,"minecraft:crafting_table":6,"minecraft:golden_shovel":138,"waystones:waystone":1,"easy_villagers:villager":8,"minecraft:bread":25,"minecraft:iron_pickaxe":584,"minecraft:barrel":2,"minecraft:stone_axe":25,"minecraft:cobblestone":83,"minecraft:furnace":1,"minecraft:gray_bed":5,"minecraft:yellow_bed":2,"minecraft:golden_axe":30},"minecraft:crafted":{"minecraft:cherry_planks":64,"minecraft:oak_planks":4,"minecraft:stone_shovel":2,"minecraft:crafting_table":6,"minecraft:wooden_pickaxe":1,"minecraft:birch_boat":1,"minecraft:furnace":1,"minecraft:birch_planks":28,"minecraft:stone_axe":1,"biomesoplenty:fir_planks":128,"minecraft:iron_pickaxe":1,"minecraft:iron_shovel":1,"minecraft:iron_ingot":6,"minecraft:stick":8,"minecraft:stone_pickaxe":2,"minecraft:wooden_axe":1,"minecraft:chest":7},"minecraft:killed":{"eidolon:wraith":1,"minecraft:zombie":1},"minecraft:killed_by":{"iceandfire:ghost":2,"minecraft:drowned":1},"minecraft:mined":{"minecraft:spruce_planks":4,"minecraft:smoker":1,"gravestone:gravestone":4,"biomesoplenty:bush":12,"minecraft:grass_block":241,"minecraft:yellow_carpet":3,"minecraft:lectern":1,"minecraft:stone_slab":1,"minecraft:cobblestone":6,"minecraft:grindstone":1,"minecraft:composter":1,"minecraft:cartography_table":1,"botania:black_mystical_flower":2,"minecraft:seagrass":1,"minecraft:white_terracotta":2,"minecraft:furnace":2,"minecraft:barrel":2,"minecraft:gray_bed":6,"minecraft:birch_leaves":12,"treechop:chopped_log":3,"minecraft:tnt":6,"minecraft:fletching_table":1,"minecraft:yellow_bed":2,"minecraft:grass":23,"minecraft:bookshelf":8,"minecraft:coal_ore":1,"minecraft:oak_log":1,"minecraft:vine":1,"minecraft:dirt_path":2,"minecraft:gravel":11,"minecraft:dirt":242,"minecraft:stone":692,"minecraft:stonecutter":1,"minecraft:stone_bricks":1,"minecraft:oak_leaves":16,"minecraft:spruce_slab":1}},"DataVersion":3465}