{"stats":{"minecraft:dropped":{"minecraft:bread":1,"minecraft:birch_planks":1,"eidolon:tattered_cloth":1,"minecraft:stone_slab":2,"minecraft:white_terracotta":4,"minecraft:yellow_carpet":1,"minecraft:coal":3,"biomesoplenty:fir_sapling":33,"minecraft:map":1,"minecraft:fire_charge":1,"minecraft:iron_pickaxe":1,"minecraft:wooden_pickaxe":2,"waystones:waystone":1},"minecraft:custom":{"enigmaticlegacy:play_time_with_seven_curses":0,"lootr:looted_stat":30,"enigmaticlegacy:play_time_without_seven_curses":129107,"minecraft:tune_noteblock":1,"minecraft:interact_with_crafting_table":8,"minecraft:open_barrel":3,"minecraft:time_since_death":110285,"minecraft:sleep_in_bed":10,"minecraft:climb_one_cm":5468,"minecraft:time_since_rest":4840,"minecraft:waystone_activated":2,"minecraft:sprint_one_cm":311428,"minecraft:damage_taken":2063,"minecraft:walk_one_cm":542526,"minecraft:drop":15,"minecraft:damage_dealt":20,"minecraft:swim_one_cm":79908,"minecraft:talked_to_villager":10,"minecraft:fly_one_cm":257434,"minecraft:open_chest":23,"minecraft:crouch_one_cm":650,"minecraft:play_time":129429,"minecraft:deaths":3,"minecraft:sneak_time":1151,"minecraft:walk_under_water_one_cm":2411,"minecraft:jump":1633,"minecraft:walk_on_water_one_cm":12136,"minecraft:total_world_time":129429,"minecraft:fall_one_cm":50302},"minecraft:picked_up":{"minecraft:birch_log":7,"minecraft:azure_bluet":1,"minecraft:stone_slab":2,"minecraft:wooden_pickaxe":1,"biomesoplenty:fir_sapling":33,"minecraft:birch_planks":1,"biomesoplenty:fir_log":160,"minecraft:oak_log":1,"minecraft:yellow_bed":2,"minecraft:dirt":310,"minecraft:stonecutter":1,"minecraft:wheat_seeds":4,"minecraft:spruce_planks":4,"minecraft:grindstone":1,"minecraft:iron_pickaxe":1,"minecraft:fletching_table":1,"minecraft:gray_bed":6,"minecraft:birch_sapling":5,"minecraft:raw_iron":15,"minecraft:furnace":2,"minecraft:book":21,"minecraft:stick":49,"minecraft:birch_boat":3,"minecraft:composter":1,"minecraft:cherry_log":21,"minecraft:barrel":2,"minecraft:tnt":6,"eidolon:tattered_cloth":1,"minecraft:yellow_carpet":1,"waystones:waystone":5,"minecraft:crossbow":2,"minecraft:cherry_sapling":15,"minecraft:bread":1,"scalinghealth:cursed_heart":1,"minecraft:white_terracotta":4,"supplementaries:ash":1,"minecraft:coal":63,"minecraft:cobblestone":130},"minecraft:broken":{"minecraft:stone_pickaxe":1,"minecraft:golden_shovel":1},"minecraft:used":{"minecraft:stone_shovel":55,"minecraft:stone_pickaxe":82,"minecraft:wooden_pickaxe":28,"minecraft:birch_boat":3,"biomesoplenty:fir_planks":50,"minecraft:dirt":177,"minecraft:crafting_table":5,"minecraft:golden_shovel":138,"waystones:waystone":1,"easy_villagers:villager":8,"minecraft:bread":22,"minecraft:iron_pickaxe":72,"minecraft:barrel":2,"minecraft:stone_axe":25,"minecraft:cobblestone":25,"minecraft:gray_bed":5,"minecraft:yellow_bed":2,"minecraft:golden_axe":30},"minecraft:crafted":{"minecraft:cherry_planks":64,"minecraft:stone_shovel":1,"minecraft:crafting_table":5,"minecraft:wooden_pickaxe":1,"minecraft:birch_boat":1,"minecraft:birch_planks":28,"minecraft:stone_axe":1,"biomesoplenty:fir_planks":128,"minecraft:stick":8,"minecraft:stone_pickaxe":1,"minecraft:wooden_axe":1},"minecraft:killed_by":{"iceandfire:ghost":2,"minecraft:drowned":1},"minecraft:mined":{"minecraft:spruce_planks":4,"minecraft:smoker":1,"gravestone:gravestone":4,"biomesoplenty:bush":2,"minecraft:grass_block":154,"minecraft:yellow_carpet":3,"minecraft:lectern":1,"minecraft:stone_slab":1,"minecraft:cobblestone":2,"minecraft:cartography_table":1,"minecraft:grindstone":1,"minecraft:composter":1,"minecraft:seagrass":1,"minecraft:white_terracotta":2,"minecraft:furnace":2,"minecraft:barrel":2,"minecraft:gray_bed":6,"minecraft:birch_leaves":12,"minecraft:tnt":6,"treechop:chopped_log":3,"minecraft:fletching_table":1,"minecraft:yellow_bed":2,"minecraft:grass":4,"minecraft:bookshelf":8,"minecraft:oak_log":1,"minecraft:vine":1,"minecraft:dirt_path":2,"minecraft:dirt":171,"minecraft:stone_bricks":1,"minecraft:stonecutter":1,"minecraft:stone":134,"minecraft:oak_leaves":7,"minecraft:spruce_slab":1}},"DataVersion":3465}