{"stats":{"minecraft:dropped":{"minecraft:bread":1,"minecraft:birch_planks":1,"eidolon:tattered_cloth":1,"minecraft:stone_slab":2,"minecraft:white_terracotta":4,"minecraft:yellow_carpet":1,"minecraft:coal":3,"biomesoplenty:fir_sapling":33,"minecraft:map":1,"minecraft:fire_charge":1,"minecraft:wooden_pickaxe":2,"waystones:waystone":1},"minecraft:custom":{"enigmaticlegacy:play_time_with_seven_curses":0,"lootr:looted_stat":27,"enigmaticlegacy:play_time_without_seven_curses":105107,"minecraft:interact_with_crafting_table":5,"minecraft:open_barrel":3,"minecraft:time_since_death":86285,"minecraft:sleep_in_bed":8,"minecraft:climb_one_cm":5332,"minecraft:time_since_rest":5607,"minecraft:waystone_activated":1,"minecraft:sprint_one_cm":270052,"minecraft:damage_taken":1846,"minecraft:walk_one_cm":422971,"minecraft:drop":14,"minecraft:damage_dealt":20,"minecraft:swim_one_cm":78511,"minecraft:talked_to_villager":9,"minecraft:fly_one_cm":201532,"minecraft:open_chest":21,"minecraft:crouch_one_cm":435,"minecraft:play_time":105429,"minecraft:deaths":3,"minecraft:sneak_time":681,"minecraft:walk_under_water_one_cm":1902,"minecraft:jump":1276,"minecraft:walk_on_water_one_cm":11009,"minecraft:total_world_time":105429,"minecraft:fall_one_cm":41557},"minecraft:picked_up":{"minecraft:birch_log":7,"minecraft:azure_bluet":1,"minecraft:stone_slab":2,"minecraft:wooden_pickaxe":1,"biomesoplenty:fir_sapling":33,"minecraft:birch_planks":1,"biomesoplenty:fir_log":160,"minecraft:yellow_bed":1,"minecraft:dirt":129,"minecraft:stonecutter":1,"minecraft:wheat_seeds":2,"minecraft:spruce_planks":1,"minecraft:grindstone":1,"minecraft:fletching_table":1,"minecraft:gray_bed":6,"minecraft:birch_sapling":5,"minecraft:furnace":2,"minecraft:book":9,"minecraft:stick":32,"minecraft:birch_boat":1,"minecraft:composter":1,"minecraft:barrel":2,"minecraft:tnt":3,"eidolon:tattered_cloth":1,"minecraft:yellow_carpet":1,"waystones:waystone":4,"minecraft:crossbow":2,"minecraft:bread":1,"scalinghealth:cursed_heart":1,"minecraft:white_terracotta":4,"supplementaries:ash":1,"minecraft:coal":38,"minecraft:cobblestone":8},"minecraft:crafted":{"minecraft:crafting_table":4,"minecraft:wooden_pickaxe":1,"minecraft:birch_boat":1,"minecraft:birch_planks":28,"biomesoplenty:fir_planks":128,"minecraft:stick":4,"minecraft:stone_pickaxe":1,"minecraft:wooden_axe":1},"minecraft:used":{"minecraft:stone_pickaxe":11,"minecraft:wooden_pickaxe":28,"minecraft:birch_boat":1,"biomesoplenty:fir_planks":50,"minecraft:dirt":126,"minecraft:crafting_table":4,"easy_villagers:villager":8,"minecraft:bread":16,"minecraft:iron_pickaxe":3,"minecraft:barrel":2,"minecraft:gray_bed":5,"minecraft:golden_axe":30},"minecraft:killed_by":{"iceandfire:ghost":2,"minecraft:drowned":1},"minecraft:mined":{"minecraft:spruce_planks":1,"minecraft:smoker":1,"gravestone:gravestone":4,"minecraft:grass_block":49,"minecraft:yellow_carpet":3,"minecraft:lectern":1,"minecraft:stone_slab":1,"minecraft:cartography_table":1,"minecraft:grindstone":1,"minecraft:composter":1,"minecraft:white_terracotta":2,"minecraft:furnace":2,"minecraft:barrel":2,"minecraft:gray_bed":6,"minecraft:birch_leaves":12,"minecraft:tnt":3,"treechop:chopped_log":2,"minecraft:fletching_table":1,"minecraft:yellow_bed":1,"minecraft:grass":2,"minecraft:bookshelf":3,"minecraft:vine":1,"minecraft:dirt_path":2,"minecraft:dirt":85,"minecraft:stonecutter":1,"minecraft:stone":9,"minecraft:spruce_slab":1}},"DataVersion":3465}