{"stats":{"minecraft:custom":{"enigmaticlegacy:play_time_with_seven_curses":0,"lootr:looted_stat":80,"minecraft:mob_kills":6,"minecraft:inspect_hopper":2,"minecraft:interact_with_crafting_table":41,"minecraft:open_barrel":3,"minecraft:leave_game":2,"minecraft:time_since_death":400325,"minecraft:climb_one_cm":7322,"minecraft:damage_resisted":0,"minecraft:sprint_one_cm":490919,"minecraft:walk_one_cm":1676353,"minecraft:damage_blocked_by_shield":666,"minecraft:drop":34,"minecraft:talked_to_villager":158,"minecraft:play_time":419469,"minecraft:deaths":3,"minecraft:sneak_time":2087,"minecraft:walk_under_water_one_cm":7106,"minecraft:jump":3545,"minecraft:interact_with_blast_furnace":1,"minecraft:walk_on_water_one_cm":23550,"minecraft:total_world_time":419469,"minecraft:interact_with_furnace":30,"minecraft:traded_with_villager":327,"enigmaticlegacy:play_time_without_seven_curses":419147,"minecraft:tune_noteblock":1,"minecraft:sleep_in_bed":34,"minecraft:time_since_rest":7117,"minecraft:waystone_activated":10,"minecraft:damage_taken":4277,"minecraft:damage_dealt":1483,"minecraft:swim_one_cm":102450,"minecraft:fly_one_cm":455554,"minecraft:open_chest":426,"minecraft:crouch_one_cm":945,"minecraft:fall_one_cm":90181},"minecraft:picked_up":{"iceandfire:dragon_skull_lightning":2,"biomesoplenty:redwood_log":74,"minecraft:crafting_table":2,"minecraft:allium":4,"minecraft:azure_bluet":1,"minecraft:chainmail_boots":1,"iceandfire:witherbone":2,"minecraft:smithing_table":1,"minecraft:stone_slab":2,"minecraft:wooden_pickaxe":1,"minecraft:gold_block":1,"minecraft:string":10,"minecraft:raw_copper":30,"minecraft:sea_pickle":3,"minecraft:gold_nugget":5,"minecraft:spruce_planks":7,"minecraft:poppy":2,"biomesoplenty:redwood_wood":2001,"minecraft:iron_pickaxe":1,"minecraft:sugar_cane":40,"minecraft:chest":3,"minecraft:birch_sapling":5,"alexsmobs:leafcutter_ant_chamber":6,"minecraft:furnace":3,"minecraft:stick":284,"minecraft:raw_iron":54,"iceandfire:dragonbone":34,"biomesoplenty:redwood_boat":2,"minecraft:composter":1,"minecraft:torch":2,"minecraft:cherry_log":79,"alexsmobs:leafcutter_ant_pupa":1,"easy_villagers:villager":10,"minecraft:tnt":18,"eidolon:tattered_cloth":2,"biomesoplenty:redwood_planks":27,"minecraft:rotten_flesh":3,"biomesoplenty:jacaranda_log":5,"minecraft:gold_ingot":5,"biomesoplenty:redwood_sapling":318,"minecraft:white_terracotta":4,"supplementaries:ash":1,"minecraft:iron_bars":2,"minecraft:cobblestone":2326,"minecraft:birch_log":7,"minecraft:pink_petals":7,"minecraft:feather":4,"minecraft:cherry_planks":233,"biomesoplenty:fir_sapling":42,"minecraft:birch_planks":1,"biomesoplenty:fir_log":186,"minecraft:flint":8,"minecraft:smooth_sandstone_stairs":2,"minecraft:oak_log":14,"minecraft:lily_pad":4,"minecraft:yellow_bed":3,"minecraft:dirt":1186,"botania:black_mystical_flower":2,"minecraft:name_tag":1,"minecraft:smooth_sandstone":13,"minecraft:bone":1,"minecraft:apple":4,"minecraft:stonecutter":1,"minecraft:wheat_seeds":8,"minecraft:grindstone":1,"minecraft:cooked_chicken":1,"scalinghealth:power_crystal_shard":6,"minecraft:fletching_table":4,"minecraft:gray_bed":6,"minecraft:oak_planks":20,"minecraft:iron_sword":1,"minecraft:book":48,"minecraft:oak_slab":1,"minecraft:birch_boat":4,"minecraft:stone_brick_slab":1,"minecraft:gravel":52,"minecraft:chiseled_sandstone":4,"minecraft:barrel":2,"travelersbackpack:standard":2,"minecraft:yellow_carpet":1,"waystones:waystone":13,"minecraft:crossbow":2,"minecraft:cherry_sapling":90,"minecraft:emerald":41,"minecraft:bread":1,"scalinghealth:cursed_heart":1,"minecraft:oak_sapling":12,"minecraft:netherrack":3,"minecraft:coal":250,"iceandfire:raw_silver":1},"minecraft:killed_by":{"minecraft:drowned":1,"iceandfire:ghost":2},"minecraft:broken":{"minecraft:iron_shovel":1,"minecraft:golden_shovel":1,"minecraft:stone_pickaxe":2,"minecraft:iron_pickaxe":6,"minecraft:stone_shovel":2},"minecraft:used":{"minecraft:iron_shovel":410,"minecraft:stone_shovel":274,"biomesoplenty:redwood_planks":2,"minecraft:chest":27,"minecraft:shield":7,"minecraft:iron_sword":37,"minecraft:torch":61,"minecraft:dirt":240,"minecraft:golden_shovel":138,"minecraft:iron_axe":437,"biomesoplenty:redwood_boat":4,"minecraft:barrel":2,"minecraft:furnace":8,"minecraft:gray_bed":5,"minecraft:golden_axe":30,"minecraft:stone_pickaxe":230,"biomesoplenty:redwood_sapling":18,"minecraft:wooden_pickaxe":28,"minecraft:birch_boat":3,"biomesoplenty:fir_planks":50,"biomesoplenty:fir_boat":1,"minecraft:fletching_table":6,"minecraft:oak_slab":16,"minecraft:crafting_table":11,"minecraft:blast_furnace":1,"waystones:waystone":6,"easy_villagers:villager":18,"minecraft:bread":36,"minecraft:iron_pickaxe":1668,"biomesoplenty:jacaranda_boat":1,"minecraft:gravel":2,"minecraft:stone_axe":124,"minecraft:cobblestone":307,"travelersbackpack:standard":2,"minecraft:grindstone":1,"minecraft:smithing_table":2,"minecraft:yellow_bed":3},"minecraft:mined":{"minecraft:spruce_planks":7,"iceandfire:silver_ore":1,"minecraft:glow_lichen":1,"gravestone:gravestone":4,"biomesoplenty:bush":13,"minecraft:grass_block":446,"minecraft:yellow_carpet":3,"alexsmobs:leafcutter_ant_chamber":7,"minecraft:cartography_table":1,"minecraft:composter":1,"minecraft:furnace":3,"minecraft:barrel":2,"minecraft:chiseled_sandstone":4,"treechop:chopped_log":16,"minecraft:fletching_table":4,"minecraft:gold_block":1,"minecraft:bookshelf":13,"minecraft:vine":3,"minecraft:dirt_path":3,"minecraft:iron_bars":2,"minecraft:smooth_sandstone_stairs":2,"minecraft:stone":1739,"minecraft:spruce_slab":1,"minecraft:smithing_table":1,"minecraft:oak_slab":1,"minecraft:smoker":1,"minecraft:stone_brick_slab":1,"travelersbackpack:standard":1,"minecraft:smooth_sandstone":14,"minecraft:crafting_table":2,"minecraft:poppy":1,"minecraft:chest":1,"minecraft:lectern":1,"minecraft:stone_slab":1,"minecraft:copper_ore":6,"minecraft:cobblestone":28,"minecraft:sugar_cane":10,"minecraft:grindstone":1,"minecraft:oak_planks":4,"botania:black_mystical_flower":2,"minecraft:seagrass":1,"minecraft:white_terracotta":2,"minecraft:gray_bed":6,"minecraft:birch_leaves":12,"minecraft:tnt":18,"minecraft:yellow_bed":3,"minecraft:grass":31,"minecraft:oak_log":7,"minecraft:coal_ore":2,"minecraft:gravel":63,"minecraft:dirt":488,"minecraft:cobweb":10,"minecraft:stonecutter":1,"minecraft:stone_bricks":1,"minecraft:netherrack":17,"biomesoplenty:redwood_wood":53,"minecraft:oak_leaves":44,"minecraft:fern":1},"minecraft:crafted":{"minecraft:cherry_planks":296,"minecraft:smooth_stone":6,"minecraft:oak_planks":56,"minecraft:stone_shovel":14,"minecraft:birch_boat":1,"minecraft:furnace":9,"minecraft:blast_furnace":1,"minecraft:stone":6,"minecraft:diamond_helmet":1,"minecraft:iron_boots":10,"minecraft:iron_axe":13,"minecraft:stone_pickaxe":2,"minecraft:chest":24,"minecraft:oak_slab":30,"minecraft:arrow":80,"biomesoplenty:fir_boat":1,"biomesoplenty:jacaranda_planks":16,"minecraft:emerald":274,"biomesoplenty:jacaranda_boat":1,"minecraft:crafting_table":11,"biomesoplenty:redwood_planks":4700,"minecraft:wooden_pickaxe":1,"minecraft:smithing_table":1,"minecraft:fletching_table":2,"minecraft:birch_planks":28,"biomesoplenty:jacaranda_wood":3,"minecraft:stone_axe":13,"minecraft:air":0,"biomesoplenty:fir_planks":232,"biomesoplenty:redwood_boat":2,"minecraft:stick":9172,"minecraft:iron_ingot":47,"minecraft:iron_pickaxe":6,"minecraft:wooden_axe":1,"minecraft:iron_shovel":2,"minecraft:torch":156,"minecraft:diamond_chestplate":1},"minecraft:dropped":{"minecraft:bread":1,"minecraft:iron_sword":1,"minecraft:birch_planks":1,"minecraft:wheat_seeds":3,"minecraft:feather":2,"eidolon:tattered_cloth":1,"travelersbackpack:standard":1,"minecraft:yellow_carpet":1,"minecraft:coal":3,"biomesoplenty:fir_sapling":33,"minecraft:stick":2,"minecraft:dirt":9,"minecraft:map":1,"minecraft:fire_charge":1,"minecraft:iron_pickaxe":1,"minecraft:lily_pad":3,"iceandfire:dragonbone":4,"minecraft:name_tag":1,"minecraft:stone_slab":2,"minecraft:white_terracotta":4,"minecraft:wooden_pickaxe":2,"waystones:waystone":3},"minecraft:killed":{"minecraft:skeleton":1,"eidolon:wraith":2,"iceandfire:cockatrice":1,"minecraft:zombie":2}},"DataVersion":3465}